2025-11-07 00:04:35 [http-nio-8080-exec-5] [WARN] o.t.s.p.AbstractStandardFragmentInsertionTagProcessor - [THYMELEAF][http-nio-8080-exec-5][Admin/tonkho] Deprecated unwrapped fragment expression "Admin/header :: Header" found in template Admin/tonkho, line 62, col 10. Please use the complete syntax of fragment expressions instead ("~{Admin/header :: Header}"). The old, unwrapped syntax for fragment expressions will be removed in future versions of Thymeleaf.
2025-11-07 00:04:36 [http-nio-8080-exec-5] [WARN] o.t.s.p.AbstractStandardFragmentInsertionTagProcessor - [THYMELEAF][http-nio-8080-exec-5][Admin/tonkho] Deprecated unwrapped fragment expression "Admin/sidebar :: sideBar" found in template Admin/tonkho, line 63, col 10. Please use the complete syntax of fragment expressions instead ("~{Admin/sidebar :: sideBar}"). The old, unwrapped syntax for fragment expressions will be removed in future versions of Thymeleaf.
2025-11-07 00:04:36 [http-nio-8080-exec-5] [WARN] o.t.s.p.AbstractStandardFragmentInsertionTagProcessor - [THYMELEAF][http-nio-8080-exec-5][Admin/tonkho] Deprecated unwrapped fragment expression "Admin/footer :: Footer" found in template Admin/tonkho, line 127, col 10. Please use the complete syntax of fragment expressions instead ("~{Admin/footer :: Footer}"). The old, unwrapped syntax for fragment expressions will be removed in future versions of Thymeleaf.
2025-11-07 00:04:40 [http-nio-8080-exec-8] [WARN] o.t.s.p.AbstractStandardFragmentInsertionTagProcessor - [THYMELEAF][http-nio-8080-exec-8][Admin/home] Deprecated unwrapped fragment expression "Admin/header::Header" found in template Admin/home, line 89, col 8. Please use the complete syntax of fragment expressions instead ("~{Admin/header::Header}"). The old, unwrapped syntax for fragment expressions will be removed in future versions of Thymeleaf.
2025-11-07 00:04:40 [http-nio-8080-exec-8] [WARN] o.t.s.p.AbstractStandardFragmentInsertionTagProcessor - [THYMELEAF][http-nio-8080-exec-8][Admin/home] Deprecated unwrapped fragment expression "Admin/sidebar::sideBar" found in template Admin/home, line 90, col 8. Please use the complete syntax of fragment expressions instead ("~{Admin/sidebar::sideBar}"). The old, unwrapped syntax for fragment expressions will be removed in future versions of Thymeleaf.
2025-11-07 00:04:40 [http-nio-8080-exec-8] [WARN] o.t.s.p.AbstractStandardFragmentInsertionTagProcessor - [THYMELEAF][http-nio-8080-exec-8][Admin/home] Deprecated unwrapped fragment expression "Admin/footer::Footer" found in template Admin/home, line 133, col 10. Please use the complete syntax of fragment expressions instead ("~{Admin/footer::Footer}"). The old, unwrapped syntax for fragment expressions will be removed in future versions of Thymeleaf.
2025-11-07 00:04:42 [http-nio-8080-exec-4] [WARN] o.t.s.p.AbstractStandardFragmentInsertionTagProcessor - [THYMELEAF][http-nio-8080-exec-4][Admin/tonkho] Deprecated unwrapped fragment expression "Admin/header :: Header" found in template Admin/tonkho, line 62, col 10. Please use the complete syntax of fragment expressions instead ("~{Admin/header :: Header}"). The old, unwrapped syntax for fragment expressions will be removed in future versions of Thymeleaf.
2025-11-07 00:04:42 [http-nio-8080-exec-4] [WARN] o.t.s.p.AbstractStandardFragmentInsertionTagProcessor - [THYMELEAF][http-nio-8080-exec-4][Admin/tonkho] Deprecated unwrapped fragment expression "Admin/sidebar :: sideBar" found in template Admin/tonkho, line 63, col 10. Please use the complete syntax of fragment expressions instead ("~{Admin/sidebar :: sideBar}"). The old, unwrapped syntax for fragment expressions will be removed in future versions of Thymeleaf.
2025-11-07 00:04:42 [http-nio-8080-exec-4] [WARN] o.t.s.p.AbstractStandardFragmentInsertionTagProcessor - [THYMELEAF][http-nio-8080-exec-4][Admin/tonkho] Deprecated unwrapped fragment expression "Admin/footer :: Footer" found in template Admin/tonkho, line 127, col 10. Please use the complete syntax of fragment expressions instead ("~{Admin/footer :: Footer}"). The old, unwrapped syntax for fragment expressions will be removed in future versions of Thymeleaf.
2025-11-07 00:04:48 [http-nio-8080-exec-2] [WARN] o.t.s.p.AbstractStandardFragmentInsertionTagProcessor - [THYMELEAF][http-nio-8080-exec-2][Admin/export] Deprecated unwrapped fragment expression "Admin/header :: Header" found in template Admin/export, line 54, col 10. Please use the complete syntax of fragment expressions instead ("~{Admin/header :: Header}"). The old, unwrapped syntax for fragment expressions will be removed in future versions of Thymeleaf.
2025-11-07 00:04:48 [http-nio-8080-exec-2] [WARN] o.t.s.p.AbstractStandardFragmentInsertionTagProcessor - [THYMELEAF][http-nio-8080-exec-2][Admin/export] Deprecated unwrapped fragment expression "Admin/sidebar :: sideBar" found in template Admin/export, line 55, col 10. Please use the complete syntax of fragment expressions instead ("~{Admin/sidebar :: sideBar}"). The old, unwrapped syntax for fragment expressions will be removed in future versions of Thymeleaf.
2025-11-07 00:04:48 [http-nio-8080-exec-2] [WARN] o.t.s.p.AbstractStandardFragmentInsertionTagProcessor - [THYMELEAF][http-nio-8080-exec-2][Admin/export] Deprecated unwrapped fragment expression "Admin/footer :: Footer" found in template Admin/export, line 158, col 10. Please use the complete syntax of fragment expressions instead ("~{Admin/footer :: Footer}"). The old, unwrapped syntax for fragment expressions will be removed in future versions of Thymeleaf.
2025-11-07 00:04:49 [http-nio-8080-exec-4] [WARN] o.t.s.p.AbstractStandardFragmentInsertionTagProcessor - [THYMELEAF][http-nio-8080-exec-4][Admin/addproduct] Deprecated unwrapped fragment expression "Admin/header :: Header" found in template Admin/addproduct, line 11, col 10. Please use the complete syntax of fragment expressions instead ("~{Admin/header :: Header}"). The old, unwrapped syntax for fragment expressions will be removed in future versions of Thymeleaf.
2025-11-07 00:04:49 [http-nio-8080-exec-4] [WARN] o.t.s.p.AbstractStandardFragmentInsertionTagProcessor - [THYMELEAF][http-nio-8080-exec-4][Admin/addproduct] Deprecated unwrapped fragment expression "Admin/sidebar :: sideBar" found in template Admin/addproduct, line 12, col 10. Please use the complete syntax of fragment expressions instead ("~{Admin/sidebar :: sideBar}"). The old, unwrapped syntax for fragment expressions will be removed in future versions of Thymeleaf.
2025-11-07 00:04:49 [http-nio-8080-exec-4] [WARN] o.t.s.p.AbstractStandardFragmentInsertionTagProcessor - [THYMELEAF][http-nio-8080-exec-4][Admin/addproduct] Deprecated unwrapped fragment expression "Admin/footer :: Footer" found in template Admin/addproduct, line 383, col 10. Please use the complete syntax of fragment expressions instead ("~{Admin/footer :: Footer}"). The old, unwrapped syntax for fragment expressions will be removed in future versions of Thymeleaf.
2025-11-07 00:04:50 [http-nio-8080-exec-6] [WARN] o.t.s.p.AbstractStandardFragmentInsertionTagProcessor - [THYMELEAF][http-nio-8080-exec-6][Admin/inventory] Deprecated unwrapped fragment expression "Admin/header :: Header" found in template Admin/inventory, line 62, col 10. Please use the complete syntax of fragment expressions instead ("~{Admin/header :: Header}"). The old, unwrapped syntax for fragment expressions will be removed in future versions of Thymeleaf.
2025-11-07 00:04:50 [http-nio-8080-exec-6] [WARN] o.t.s.p.AbstractStandardFragmentInsertionTagProcessor - [THYMELEAF][http-nio-8080-exec-6][Admin/inventory] Deprecated unwrapped fragment expression "Admin/sidebar :: sideBar" found in template Admin/inventory, line 63, col 10. Please use the complete syntax of fragment expressions instead ("~{Admin/sidebar :: sideBar}"). The old, unwrapped syntax for fragment expressions will be removed in future versions of Thymeleaf.
2025-11-07 00:04:50 [http-nio-8080-exec-6] [WARN] o.t.s.p.AbstractStandardFragmentInsertionTagProcessor - [THYMELEAF][http-nio-8080-exec-6][Admin/inventory] Deprecated unwrapped fragment expression "Admin/footer :: Footer" found in template Admin/inventory, line 184, col 10. Please use the complete syntax of fragment expressions instead ("~{Admin/footer :: Footer}"). The old, unwrapped syntax for fragment expressions will be removed in future versions of Thymeleaf.
2025-11-07 00:04:51 [http-nio-8080-exec-9] [WARN] o.t.s.p.AbstractStandardFragmentInsertionTagProcessor - [THYMELEAF][http-nio-8080-exec-9][Admin/fixproduct] Deprecated unwrapped fragment expression "Admin/header :: Header" found in template Admin/fixproduct, line 83, col 10. Please use the complete syntax of fragment expressions instead ("~{Admin/header :: Header}"). The old, unwrapped syntax for fragment expressions will be removed in future versions of Thymeleaf.
2025-11-07 00:04:51 [http-nio-8080-exec-9] [WARN] o.t.s.p.AbstractStandardFragmentInsertionTagProcessor - [THYMELEAF][http-nio-8080-exec-9][Admin/fixproduct] Deprecated unwrapped fragment expression "Admin/sidebar :: sideBar" found in template Admin/fixproduct, line 84, col 10. Please use the complete syntax of fragment expressions instead ("~{Admin/sidebar :: sideBar}"). The old, unwrapped syntax for fragment expressions will be removed in future versions of Thymeleaf.
2025-11-07 00:04:51 [http-nio-8080-exec-9] [WARN] o.t.s.p.AbstractStandardFragmentInsertionTagProcessor - [THYMELEAF][http-nio-8080-exec-9][Admin/fixproduct] Deprecated unwrapped fragment expression "Admin/footer :: Footer" found in template Admin/fixproduct, line 215, col 10. Please use the complete syntax of fragment expressions instead ("~{Admin/footer :: Footer}"). The old, unwrapped syntax for fragment expressions will be removed in future versions of Thymeleaf.
2025-11-07 00:05:12 [http-nio-8080-exec-10] [ERROR] o.a.c.c.C.[.[.[.[dispatcherServlet] - Servlet.service() for servlet [dispatcherServlet] threw exception
org.apache.tomcat.util.http.fileupload.impl.FileCountLimitExceededException: attachment
	at org.apache.tomcat.util.http.fileupload.FileUploadBase.parseRequest(FileUploadBase.java:459) ~[tomcat-embed-core-10.1.48.jar:10.1.48]
	at org.apache.catalina.connector.Request.parseParts(Request.java:2675) ~[tomcat-embed-core-10.1.48.jar:10.1.48]
	at org.apache.catalina.connector.Request.parseParameters(Request.java:3029) ~[tomcat-embed-core-10.1.48.jar:10.1.48]
	at org.apache.catalina.connector.Request.getParameter(Request.java:1109) ~[tomcat-embed-core-10.1.48.jar:10.1.48]
	at org.apache.catalina.connector.RequestFacade.getParameter(RequestFacade.java:306) ~[tomcat-embed-core-10.1.48.jar:10.1.48]
	at jakarta.servlet.ServletRequestWrapper.getParameter(ServletRequestWrapper.java:149) ~[tomcat-embed-core-10.1.48.jar:6.0]
	at org.springframework.security.web.firewall.StrictHttpFirewall$StrictFirewalledRequest.getParameter(StrictHttpFirewall.java:779) ~[spring-security-web-6.5.6.jar:6.5.6]
	at jakarta.servlet.ServletRequestWrapper.getParameter(ServletRequestWrapper.java:149) ~[tomcat-embed-core-10.1.48.jar:6.0]
	at org.springframework.security.web.csrf.CsrfTokenRequestHandler.resolveCsrfTokenValue(CsrfTokenRequestHandler.java:60) ~[spring-security-web-6.5.6.jar:6.5.6]
	at org.springframework.security.web.csrf.XorCsrfTokenRequestAttributeHandler.resolveCsrfTokenValue(XorCsrfTokenRequestAttributeHandler.java:78) ~[spring-security-web-6.5.6.jar:6.5.6]
	at org.springframework.security.web.csrf.CsrfFilter.doFilterInternal(CsrfFilter.java:121) ~[spring-security-web-6.5.6.jar:6.5.6]
	at org.springframework.web.filter.OncePerRequestFilter.doFilter(OncePerRequestFilter.java:116) ~[spring-web-6.2.12.jar:6.2.12]
	at org.springframework.security.web.FilterChainProxy$VirtualFilterChain.doFilter(FilterChainProxy.java:374) ~[spring-security-web-6.5.6.jar:6.5.6]
	at org.springframework.security.web.header.HeaderWriterFilter.doHeadersAfter(HeaderWriterFilter.java:90) ~[spring-security-web-6.5.6.jar:6.5.6]
	at org.springframework.security.web.header.HeaderWriterFilter.doFilterInternal(HeaderWriterFilter.java:75) ~[spring-security-web-6.5.6.jar:6.5.6]
	at org.springframework.web.filter.OncePerRequestFilter.doFilter(OncePerRequestFilter.java:116) ~[spring-web-6.2.12.jar:6.2.12]
	at org.springframework.security.web.FilterChainProxy$VirtualFilterChain.doFilter(FilterChainProxy.java:374) ~[spring-security-web-6.5.6.jar:6.5.6]
	at org.springframework.security.web.context.SecurityContextHolderFilter.doFilter(SecurityContextHolderFilter.java:82) ~[spring-security-web-6.5.6.jar:6.5.6]
	at org.springframework.security.web.context.SecurityContextHolderFilter.doFilter(SecurityContextHolderFilter.java:69) ~[spring-security-web-6.5.6.jar:6.5.6]
	at org.springframework.security.web.FilterChainProxy$VirtualFilterChain.doFilter(FilterChainProxy.java:374) ~[spring-security-web-6.5.6.jar:6.5.6]
	at org.springframework.security.web.context.request.async.WebAsyncManagerIntegrationFilter.doFilterInternal(WebAsyncManagerIntegrationFilter.java:62) ~[spring-security-web-6.5.6.jar:6.5.6]
	at org.springframework.web.filter.OncePerRequestFilter.doFilter(OncePerRequestFilter.java:116) ~[spring-web-6.2.12.jar:6.2.12]
	at org.springframework.security.web.FilterChainProxy$VirtualFilterChain.doFilter(FilterChainProxy.java:374) ~[spring-security-web-6.5.6.jar:6.5.6]
	at org.springframework.security.web.session.DisableEncodeUrlFilter.doFilterInternal(DisableEncodeUrlFilter.java:42) ~[spring-security-web-6.5.6.jar:6.5.6]
	at org.springframework.web.filter.OncePerRequestFilter.doFilter(OncePerRequestFilter.java:116) ~[spring-web-6.2.12.jar:6.2.12]
	at org.springframework.security.web.FilterChainProxy$VirtualFilterChain.doFilter(FilterChainProxy.java:374) ~[spring-security-web-6.5.6.jar:6.5.6]
	at org.springframework.security.web.FilterChainProxy.doFilterInternal(FilterChainProxy.java:233) ~[spring-security-web-6.5.6.jar:6.5.6]
	at org.springframework.security.web.FilterChainProxy.doFilter(FilterChainProxy.java:191) ~[spring-security-web-6.5.6.jar:6.5.6]
	at org.springframework.web.filter.CompositeFilter$VirtualFilterChain.doFilter(CompositeFilter.java:113) ~[spring-web-6.2.12.jar:6.2.12]
	at org.springframework.web.filter.ServletRequestPathFilter.doFilter(ServletRequestPathFilter.java:52) ~[spring-web-6.2.12.jar:6.2.12]
	at org.springframework.web.filter.CompositeFilter$VirtualFilterChain.doFilter(CompositeFilter.java:113) ~[spring-web-6.2.12.jar:6.2.12]
	at org.springframework.web.filter.CompositeFilter.doFilter(CompositeFilter.java:74) ~[spring-web-6.2.12.jar:6.2.12]
	at org.springframework.security.config.annotation.web.configuration.WebSecurityConfiguration$CompositeFilterChainProxy.doFilter(WebSecurityConfiguration.java:319) ~[spring-security-config-6.5.6.jar:6.5.6]
	at org.springframework.web.filter.CompositeFilter$VirtualFilterChain.doFilter(CompositeFilter.java:113) ~[spring-web-6.2.12.jar:6.2.12]
	at org.springframework.web.servlet.handler.HandlerMappingIntrospector.lambda$createCacheFilter$4(HandlerMappingIntrospector.java:267) ~[spring-webmvc-6.2.12.jar:6.2.12]
	at org.springframework.web.filter.CompositeFilter$VirtualFilterChain.doFilter(CompositeFilter.java:113) ~[spring-web-6.2.12.jar:6.2.12]
	at org.springframework.web.filter.CompositeFilter.doFilter(CompositeFilter.java:74) ~[spring-web-6.2.12.jar:6.2.12]
	at org.springframework.security.config.annotation.web.configuration.WebMvcSecurityConfiguration$CompositeFilterChainProxy.doFilter(WebMvcSecurityConfiguration.java:240) ~[spring-security-config-6.5.6.jar:6.5.6]
	at org.springframework.web.filter.DelegatingFilterProxy.invokeDelegate(DelegatingFilterProxy.java:362) ~[spring-web-6.2.12.jar:6.2.12]
	at org.springframework.web.filter.DelegatingFilterProxy.doFilter(DelegatingFilterProxy.java:278) ~[spring-web-6.2.12.jar:6.2.12]
	at org.apache.catalina.core.ApplicationFilterChain.internalDoFilter(ApplicationFilterChain.java:162) ~[tomcat-embed-core-10.1.48.jar:10.1.48]
	at org.apache.catalina.core.ApplicationFilterChain.doFilter(ApplicationFilterChain.java:138) ~[tomcat-embed-core-10.1.48.jar:10.1.48]
	at org.springframework.web.filter.RequestContextFilter.doFilterInternal(RequestContextFilter.java:100) ~[spring-web-6.2.12.jar:6.2.12]
	at org.springframework.web.filter.OncePerRequestFilter.doFilter(OncePerRequestFilter.java:116) ~[spring-web-6.2.12.jar:6.2.12]
	at org.apache.catalina.core.ApplicationFilterChain.internalDoFilter(ApplicationFilterChain.java:162) ~[tomcat-embed-core-10.1.48.jar:10.1.48]
	at org.apache.catalina.core.ApplicationFilterChain.doFilter(ApplicationFilterChain.java:138) ~[tomcat-embed-core-10.1.48.jar:10.1.48]
	at org.springframework.web.filter.FormContentFilter.doFilterInternal(FormContentFilter.java:93) ~[spring-web-6.2.12.jar:6.2.12]
	at org.springframework.web.filter.OncePerRequestFilter.doFilter(OncePerRequestFilter.java:116) ~[spring-web-6.2.12.jar:6.2.12]
	at org.apache.catalina.core.ApplicationFilterChain.internalDoFilter(ApplicationFilterChain.java:162) ~[tomcat-embed-core-10.1.48.jar:10.1.48]
	at org.apache.catalina.core.ApplicationFilterChain.doFilter(ApplicationFilterChain.java:138) ~[tomcat-embed-core-10.1.48.jar:10.1.48]
	at org.springframework.web.filter.CharacterEncodingFilter.doFilterInternal(CharacterEncodingFilter.java:201) ~[spring-web-6.2.12.jar:6.2.12]
	at org.springframework.web.filter.OncePerRequestFilter.doFilter(OncePerRequestFilter.java:116) ~[spring-web-6.2.12.jar:6.2.12]
	at org.apache.catalina.core.ApplicationFilterChain.internalDoFilter(ApplicationFilterChain.java:162) ~[tomcat-embed-core-10.1.48.jar:10.1.48]
	at org.apache.catalina.core.ApplicationFilterChain.doFilter(ApplicationFilterChain.java:138) ~[tomcat-embed-core-10.1.48.jar:10.1.48]
	at org.apache.catalina.core.StandardWrapperValve.invoke(StandardWrapperValve.java:165) ~[tomcat-embed-core-10.1.48.jar:10.1.48]
	at org.apache.catalina.core.StandardContextValve.invoke(StandardContextValve.java:88) ~[tomcat-embed-core-10.1.48.jar:10.1.48]
	at org.apache.catalina.authenticator.AuthenticatorBase.invoke(AuthenticatorBase.java:482) ~[tomcat-embed-core-10.1.48.jar:10.1.48]
	at org.apache.catalina.core.StandardHostValve.invoke(StandardHostValve.java:113) ~[tomcat-embed-core-10.1.48.jar:10.1.48]
	at org.apache.catalina.valves.ErrorReportValve.invoke(ErrorReportValve.java:83) ~[tomcat-embed-core-10.1.48.jar:10.1.48]
	at org.apache.catalina.core.StandardEngineValve.invoke(StandardEngineValve.java:72) ~[tomcat-embed-core-10.1.48.jar:10.1.48]
	at org.apache.catalina.connector.CoyoteAdapter.service(CoyoteAdapter.java:342) ~[tomcat-embed-core-10.1.48.jar:10.1.48]
	at org.apache.coyote.http11.Http11Processor.service(Http11Processor.java:399) ~[tomcat-embed-core-10.1.48.jar:10.1.48]
	at org.apache.coyote.AbstractProcessorLight.process(AbstractProcessorLight.java:63) ~[tomcat-embed-core-10.1.48.jar:10.1.48]
	at org.apache.coyote.AbstractProtocol$ConnectionHandler.process(AbstractProtocol.java:903) ~[tomcat-embed-core-10.1.48.jar:10.1.48]
	at org.apache.tomcat.util.net.NioEndpoint$SocketProcessor.doRun(NioEndpoint.java:1774) ~[tomcat-embed-core-10.1.48.jar:10.1.48]
	at org.apache.tomcat.util.net.SocketProcessorBase.run(SocketProcessorBase.java:52) ~[tomcat-embed-core-10.1.48.jar:10.1.48]
	at org.apache.tomcat.util.threads.ThreadPoolExecutor.runWorker(ThreadPoolExecutor.java:973) ~[tomcat-embed-core-10.1.48.jar:10.1.48]
	at org.apache.tomcat.util.threads.ThreadPoolExecutor$Worker.run(ThreadPoolExecutor.java:491) ~[tomcat-embed-core-10.1.48.jar:10.1.48]
	at org.apache.tomcat.util.threads.TaskThread$WrappingRunnable.run(TaskThread.java:63) ~[tomcat-embed-core-10.1.48.jar:10.1.48]
	at java.base/java.lang.Thread.run(Thread.java:1570) ~[na:na]
2025-11-07 00:05:12 [http-nio-8080-exec-10] [ERROR] o.a.c.c.C.[Tomcat-1].[localhost] - Exception Processing [ErrorPage[errorCode=0, location=/error]]
jakarta.servlet.ServletException: Request processing failed: org.springframework.web.multipart.MultipartException: Failed to parse multipart servlet request
	at org.springframework.web.servlet.FrameworkServlet.processRequest(FrameworkServlet.java:1022) ~[spring-webmvc-6.2.12.jar:6.2.12]
	at org.springframework.web.servlet.FrameworkServlet.doPost(FrameworkServlet.java:914) ~[spring-webmvc-6.2.12.jar:6.2.12]
	at jakarta.servlet.http.HttpServlet.service(HttpServlet.java:590) ~[tomcat-embed-core-10.1.48.jar:6.0]
	at org.springframework.web.servlet.FrameworkServlet.service(FrameworkServlet.java:885) ~[spring-webmvc-6.2.12.jar:6.2.12]
	at jakarta.servlet.http.HttpServlet.service(HttpServlet.java:658) ~[tomcat-embed-core-10.1.48.jar:6.0]
	at org.apache.catalina.core.ApplicationFilterChain.internalDoFilter(ApplicationFilterChain.java:193) ~[tomcat-embed-core-10.1.48.jar:10.1.48]
	at org.apache.catalina.core.ApplicationFilterChain.doFilter(ApplicationFilterChain.java:138) ~[tomcat-embed-core-10.1.48.jar:10.1.48]
	at org.springframework.web.filter.CompositeFilter$VirtualFilterChain.doFilter(CompositeFilter.java:108) ~[spring-web-6.2.12.jar:6.2.12]
	at org.springframework.web.filter.CompositeFilter$VirtualFilterChain.doFilter(CompositeFilter.java:108) ~[spring-web-6.2.12.jar:6.2.12]
	at org.springframework.security.web.FilterChainProxy.lambda$doFilterInternal$3(FilterChainProxy.java:231) ~[spring-security-web-6.5.6.jar:6.5.6]
	at org.springframework.security.web.FilterChainProxy$VirtualFilterChain.doFilter(FilterChainProxy.java:365) ~[spring-security-web-6.5.6.jar:6.5.6]
	at org.springframework.security.web.access.intercept.AuthorizationFilter.doFilter(AuthorizationFilter.java:101) ~[spring-security-web-6.5.6.jar:6.5.6]
	at org.springframework.security.web.FilterChainProxy$VirtualFilterChain.doFilter(FilterChainProxy.java:374) ~[spring-security-web-6.5.6.jar:6.5.6]
	at org.springframework.security.web.access.ExceptionTranslationFilter.doFilter(ExceptionTranslationFilter.java:125) ~[spring-security-web-6.5.6.jar:6.5.6]
	at org.springframework.security.web.access.ExceptionTranslationFilter.doFilter(ExceptionTranslationFilter.java:119) ~[spring-security-web-6.5.6.jar:6.5.6]
	at org.springframework.security.web.FilterChainProxy$VirtualFilterChain.doFilter(FilterChainProxy.java:374) ~[spring-security-web-6.5.6.jar:6.5.6]
	at org.springframework.security.web.authentication.AnonymousAuthenticationFilter.doFilter(AnonymousAuthenticationFilter.java:100) ~[spring-security-web-6.5.6.jar:6.5.6]
	at org.springframework.security.web.FilterChainProxy$VirtualFilterChain.doFilter(FilterChainProxy.java:374) ~[spring-security-web-6.5.6.jar:6.5.6]
	at org.springframework.security.web.servletapi.SecurityContextHolderAwareRequestFilter.doFilter(SecurityContextHolderAwareRequestFilter.java:179) ~[spring-security-web-6.5.6.jar:6.5.6]
	at org.springframework.security.web.FilterChainProxy$VirtualFilterChain.doFilter(FilterChainProxy.java:374) ~[spring-security-web-6.5.6.jar:6.5.6]
	at org.springframework.security.web.savedrequest.RequestCacheAwareFilter.doFilter(RequestCacheAwareFilter.java:63) ~[spring-security-web-6.5.6.jar:6.5.6]
	at org.springframework.security.web.FilterChainProxy$VirtualFilterChain.doFilter(FilterChainProxy.java:374) ~[spring-security-web-6.5.6.jar:6.5.6]
	at org.springframework.security.web.authentication.AbstractAuthenticationProcessingFilter.doFilter(AbstractAuthenticationProcessingFilter.java:235) ~[spring-security-web-6.5.6.jar:6.5.6]
	at org.springframework.security.web.authentication.AbstractAuthenticationProcessingFilter.doFilter(AbstractAuthenticationProcessingFilter.java:229) ~[spring-security-web-6.5.6.jar:6.5.6]
	at org.springframework.security.web.FilterChainProxy$VirtualFilterChain.doFilter(FilterChainProxy.java:374) ~[spring-security-web-6.5.6.jar:6.5.6]
	at org.springframework.security.web.authentication.logout.LogoutFilter.doFilter(LogoutFilter.java:107) ~[spring-security-web-6.5.6.jar:6.5.6]
	at org.springframework.security.web.authentication.logout.LogoutFilter.doFilter(LogoutFilter.java:93) ~[spring-security-web-6.5.6.jar:6.5.6]
	at org.springframework.security.web.FilterChainProxy$VirtualFilterChain.doFilter(FilterChainProxy.java:374) ~[spring-security-web-6.5.6.jar:6.5.6]
	at org.springframework.web.filter.OncePerRequestFilter.doFilter(OncePerRequestFilter.java:101) ~[spring-web-6.2.12.jar:6.2.12]
	at org.springframework.security.web.FilterChainProxy$VirtualFilterChain.doFilter(FilterChainProxy.java:374) ~[spring-security-web-6.5.6.jar:6.5.6]
	at org.springframework.web.filter.OncePerRequestFilter.doFilter(OncePerRequestFilter.java:101) ~[spring-web-6.2.12.jar:6.2.12]
	at org.springframework.security.web.FilterChainProxy$VirtualFilterChain.doFilter(FilterChainProxy.java:374) ~[spring-security-web-6.5.6.jar:6.5.6]
	at org.springframework.security.web.context.SecurityContextHolderFilter.doFilter(SecurityContextHolderFilter.java:82) ~[spring-security-web-6.5.6.jar:6.5.6]
	at org.springframework.security.web.context.SecurityContextHolderFilter.doFilter(SecurityContextHolderFilter.java:69) ~[spring-security-web-6.5.6.jar:6.5.6]
	at org.springframework.security.web.FilterChainProxy$VirtualFilterChain.doFilter(FilterChainProxy.java:374) ~[spring-security-web-6.5.6.jar:6.5.6]
	at org.springframework.web.filter.OncePerRequestFilter.doFilter(OncePerRequestFilter.java:101) ~[spring-web-6.2.12.jar:6.2.12]
	at org.springframework.security.web.FilterChainProxy$VirtualFilterChain.doFilter(FilterChainProxy.java:374) ~[spring-security-web-6.5.6.jar:6.5.6]
	at org.springframework.web.filter.OncePerRequestFilter.doFilter(OncePerRequestFilter.java:101) ~[spring-web-6.2.12.jar:6.2.12]
	at org.springframework.security.web.FilterChainProxy$VirtualFilterChain.doFilter(FilterChainProxy.java:374) ~[spring-security-web-6.5.6.jar:6.5.6]
	at org.springframework.security.web.FilterChainProxy.doFilterInternal(FilterChainProxy.java:233) ~[spring-security-web-6.5.6.jar:6.5.6]
	at org.springframework.security.web.FilterChainProxy.doFilter(FilterChainProxy.java:191) ~[spring-security-web-6.5.6.jar:6.5.6]
	at org.springframework.web.filter.CompositeFilter$VirtualFilterChain.doFilter(CompositeFilter.java:113) ~[spring-web-6.2.12.jar:6.2.12]
	at org.springframework.web.filter.ServletRequestPathFilter.doFilter(ServletRequestPathFilter.java:52) ~[spring-web-6.2.12.jar:6.2.12]
	at org.springframework.web.filter.CompositeFilter$VirtualFilterChain.doFilter(CompositeFilter.java:113) ~[spring-web-6.2.12.jar:6.2.12]
	at org.springframework.web.filter.CompositeFilter.doFilter(CompositeFilter.java:74) ~[spring-web-6.2.12.jar:6.2.12]
	at org.springframework.security.config.annotation.web.configuration.WebSecurityConfiguration$CompositeFilterChainProxy.doFilter(WebSecurityConfiguration.java:319) ~[spring-security-config-6.5.6.jar:6.5.6]
	at org.springframework.web.filter.CompositeFilter$VirtualFilterChain.doFilter(CompositeFilter.java:113) ~[spring-web-6.2.12.jar:6.2.12]
	at org.springframework.web.servlet.handler.HandlerMappingIntrospector.lambda$createCacheFilter$4(HandlerMappingIntrospector.java:267) ~[spring-webmvc-6.2.12.jar:6.2.12]
	at org.springframework.web.filter.CompositeFilter$VirtualFilterChain.doFilter(CompositeFilter.java:113) ~[spring-web-6.2.12.jar:6.2.12]
	at org.springframework.web.filter.CompositeFilter.doFilter(CompositeFilter.java:74) ~[spring-web-6.2.12.jar:6.2.12]
	at org.springframework.security.config.annotation.web.configuration.WebMvcSecurityConfiguration$CompositeFilterChainProxy.doFilter(WebMvcSecurityConfiguration.java:240) ~[spring-security-config-6.5.6.jar:6.5.6]
	at org.springframework.web.filter.DelegatingFilterProxy.invokeDelegate(DelegatingFilterProxy.java:362) ~[spring-web-6.2.12.jar:6.2.12]
	at org.springframework.web.filter.DelegatingFilterProxy.doFilter(DelegatingFilterProxy.java:278) ~[spring-web-6.2.12.jar:6.2.12]
	at org.apache.catalina.core.ApplicationFilterChain.internalDoFilter(ApplicationFilterChain.java:162) ~[tomcat-embed-core-10.1.48.jar:10.1.48]
	at org.apache.catalina.core.ApplicationFilterChain.doFilter(ApplicationFilterChain.java:138) ~[tomcat-embed-core-10.1.48.jar:10.1.48]
	at org.springframework.web.filter.RequestContextFilter.doFilterInternal(RequestContextFilter.java:100) ~[spring-web-6.2.12.jar:6.2.12]
	at org.springframework.web.filter.OncePerRequestFilter.doFilter(OncePerRequestFilter.java:116) ~[spring-web-6.2.12.jar:6.2.12]
	at org.apache.catalina.core.ApplicationFilterChain.internalDoFilter(ApplicationFilterChain.java:162) ~[tomcat-embed-core-10.1.48.jar:10.1.48]
	at org.apache.catalina.core.ApplicationFilterChain.doFilter(ApplicationFilterChain.java:138) ~[tomcat-embed-core-10.1.48.jar:10.1.48]
	at org.springframework.web.filter.OncePerRequestFilter.doFilter(OncePerRequestFilter.java:101) ~[spring-web-6.2.12.jar:6.2.12]
	at org.apache.catalina.core.ApplicationFilterChain.internalDoFilter(ApplicationFilterChain.java:162) ~[tomcat-embed-core-10.1.48.jar:10.1.48]
	at org.apache.catalina.core.ApplicationFilterChain.doFilter(ApplicationFilterChain.java:138) ~[tomcat-embed-core-10.1.48.jar:10.1.48]
	at org.springframework.web.filter.OncePerRequestFilter.doFilter(OncePerRequestFilter.java:101) ~[spring-web-6.2.12.jar:6.2.12]
	at org.apache.catalina.core.ApplicationFilterChain.internalDoFilter(ApplicationFilterChain.java:162) ~[tomcat-embed-core-10.1.48.jar:10.1.48]
	at org.apache.catalina.core.ApplicationFilterChain.doFilter(ApplicationFilterChain.java:138) ~[tomcat-embed-core-10.1.48.jar:10.1.48]
	at org.apache.catalina.core.ApplicationDispatcher.invoke(ApplicationDispatcher.java:610) ~[tomcat-embed-core-10.1.48.jar:10.1.48]
	at org.apache.catalina.core.ApplicationDispatcher.processRequest(ApplicationDispatcher.java:394) ~[tomcat-embed-core-10.1.48.jar:10.1.48]
	at org.apache.catalina.core.ApplicationDispatcher.doForward(ApplicationDispatcher.java:321) ~[tomcat-embed-core-10.1.48.jar:10.1.48]
	at org.apache.catalina.core.ApplicationDispatcher.forward(ApplicationDispatcher.java:266) ~[tomcat-embed-core-10.1.48.jar:10.1.48]
	at org.apache.catalina.core.StandardHostValve.custom(StandardHostValve.java:374) ~[tomcat-embed-core-10.1.48.jar:10.1.48]
	at org.apache.catalina.core.StandardHostValve.status(StandardHostValve.java:206) ~[tomcat-embed-core-10.1.48.jar:10.1.48]
	at org.apache.catalina.core.StandardHostValve.invoke(StandardHostValve.java:149) ~[tomcat-embed-core-10.1.48.jar:10.1.48]
	at org.apache.catalina.valves.ErrorReportValve.invoke(ErrorReportValve.java:83) ~[tomcat-embed-core-10.1.48.jar:10.1.48]
	at org.apache.catalina.core.StandardEngineValve.invoke(StandardEngineValve.java:72) ~[tomcat-embed-core-10.1.48.jar:10.1.48]
	at org.apache.catalina.connector.CoyoteAdapter.service(CoyoteAdapter.java:342) ~[tomcat-embed-core-10.1.48.jar:10.1.48]
	at org.apache.coyote.http11.Http11Processor.service(Http11Processor.java:399) ~[tomcat-embed-core-10.1.48.jar:10.1.48]
	at org.apache.coyote.AbstractProcessorLight.process(AbstractProcessorLight.java:63) ~[tomcat-embed-core-10.1.48.jar:10.1.48]
	at org.apache.coyote.AbstractProtocol$ConnectionHandler.process(AbstractProtocol.java:903) ~[tomcat-embed-core-10.1.48.jar:10.1.48]
	at org.apache.tomcat.util.net.NioEndpoint$SocketProcessor.doRun(NioEndpoint.java:1774) ~[tomcat-embed-core-10.1.48.jar:10.1.48]
	at org.apache.tomcat.util.net.SocketProcessorBase.run(SocketProcessorBase.java:52) ~[tomcat-embed-core-10.1.48.jar:10.1.48]
	at org.apache.tomcat.util.threads.ThreadPoolExecutor.runWorker(ThreadPoolExecutor.java:973) ~[tomcat-embed-core-10.1.48.jar:10.1.48]
	at org.apache.tomcat.util.threads.ThreadPoolExecutor$Worker.run(ThreadPoolExecutor.java:491) ~[tomcat-embed-core-10.1.48.jar:10.1.48]
	at org.apache.tomcat.util.threads.TaskThread$WrappingRunnable.run(TaskThread.java:63) ~[tomcat-embed-core-10.1.48.jar:10.1.48]
	at java.base/java.lang.Thread.run(Thread.java:1570) ~[na:na]
Caused by: org.springframework.web.multipart.MultipartException: Failed to parse multipart servlet request
	at org.springframework.web.multipart.support.StandardMultipartHttpServletRequest.handleParseFailure(StandardMultipartHttpServletRequest.java:133) ~[spring-web-6.2.12.jar:6.2.12]
	at org.springframework.web.multipart.support.StandardMultipartHttpServletRequest.parseRequest(StandardMultipartHttpServletRequest.java:112) ~[spring-web-6.2.12.jar:6.2.12]
	at org.springframework.web.multipart.support.StandardMultipartHttpServletRequest.<init>(StandardMultipartHttpServletRequest.java:88) ~[spring-web-6.2.12.jar:6.2.12]
	at org.springframework.web.multipart.support.StandardServletMultipartResolver.resolveMultipart(StandardServletMultipartResolver.java:112) ~[spring-web-6.2.12.jar:6.2.12]
	at org.springframework.web.servlet.DispatcherServlet.checkMultipart(DispatcherServlet.java:1228) ~[spring-webmvc-6.2.12.jar:6.2.12]
	at org.springframework.web.servlet.DispatcherServlet.doDispatch(DispatcherServlet.java:1061) ~[spring-webmvc-6.2.12.jar:6.2.12]
	at org.springframework.web.servlet.DispatcherServlet.doService(DispatcherServlet.java:979) ~[spring-webmvc-6.2.12.jar:6.2.12]
	at org.springframework.web.servlet.FrameworkServlet.processRequest(FrameworkServlet.java:1014) ~[spring-webmvc-6.2.12.jar:6.2.12]
	... 83 common frames omitted
Caused by: java.lang.IllegalStateException: org.apache.tomcat.util.http.fileupload.impl.FileCountLimitExceededException: attachment
	at org.apache.catalina.connector.Request.parseParts(Request.java:2720) ~[tomcat-embed-core-10.1.48.jar:10.1.48]
	at org.apache.catalina.connector.Request.parseParameters(Request.java:3029) ~[tomcat-embed-core-10.1.48.jar:10.1.48]
	at org.apache.catalina.connector.Request.getParameter(Request.java:1109) ~[tomcat-embed-core-10.1.48.jar:10.1.48]
	at org.apache.catalina.connector.RequestFacade.getParameter(RequestFacade.java:306) ~[tomcat-embed-core-10.1.48.jar:10.1.48]
	at jakarta.servlet.ServletRequestWrapper.getParameter(ServletRequestWrapper.java:149) ~[tomcat-embed-core-10.1.48.jar:6.0]
	at org.springframework.security.web.firewall.StrictHttpFirewall$StrictFirewalledRequest.getParameter(StrictHttpFirewall.java:779) ~[spring-security-web-6.5.6.jar:6.5.6]
	at jakarta.servlet.ServletRequestWrapper.getParameter(ServletRequestWrapper.java:149) ~[tomcat-embed-core-10.1.48.jar:6.0]
	at org.springframework.security.web.csrf.CsrfTokenRequestHandler.resolveCsrfTokenValue(CsrfTokenRequestHandler.java:60) ~[spring-security-web-6.5.6.jar:6.5.6]
	at org.springframework.security.web.csrf.XorCsrfTokenRequestAttributeHandler.resolveCsrfTokenValue(XorCsrfTokenRequestAttributeHandler.java:78) ~[spring-security-web-6.5.6.jar:6.5.6]
	at org.springframework.security.web.csrf.CsrfFilter.doFilterInternal(CsrfFilter.java:121) ~[spring-security-web-6.5.6.jar:6.5.6]
	at org.springframework.web.filter.OncePerRequestFilter.doFilter(OncePerRequestFilter.java:116) ~[spring-web-6.2.12.jar:6.2.12]
	at org.springframework.security.web.FilterChainProxy$VirtualFilterChain.doFilter(FilterChainProxy.java:374) ~[spring-security-web-6.5.6.jar:6.5.6]
	at org.springframework.security.web.header.HeaderWriterFilter.doHeadersAfter(HeaderWriterFilter.java:90) ~[spring-security-web-6.5.6.jar:6.5.6]
	at org.springframework.security.web.header.HeaderWriterFilter.doFilterInternal(HeaderWriterFilter.java:75) ~[spring-security-web-6.5.6.jar:6.5.6]
	at org.springframework.web.filter.OncePerRequestFilter.doFilter(OncePerRequestFilter.java:116) ~[spring-web-6.2.12.jar:6.2.12]
	at org.springframework.security.web.FilterChainProxy$VirtualFilterChain.doFilter(FilterChainProxy.java:374) ~[spring-security-web-6.5.6.jar:6.5.6]
	at org.springframework.security.web.context.SecurityContextHolderFilter.doFilter(SecurityContextHolderFilter.java:82) ~[spring-security-web-6.5.6.jar:6.5.6]
	at org.springframework.security.web.context.SecurityContextHolderFilter.doFilter(SecurityContextHolderFilter.java:69) ~[spring-security-web-6.5.6.jar:6.5.6]
	at org.springframework.security.web.FilterChainProxy$VirtualFilterChain.doFilter(FilterChainProxy.java:374) ~[spring-security-web-6.5.6.jar:6.5.6]
	at org.springframework.security.web.context.request.async.WebAsyncManagerIntegrationFilter.doFilterInternal(WebAsyncManagerIntegrationFilter.java:62) ~[spring-security-web-6.5.6.jar:6.5.6]
	at org.springframework.web.filter.OncePerRequestFilter.doFilter(OncePerRequestFilter.java:116) ~[spring-web-6.2.12.jar:6.2.12]
	at org.springframework.security.web.FilterChainProxy$VirtualFilterChain.doFilter(FilterChainProxy.java:374) ~[spring-security-web-6.5.6.jar:6.5.6]
	at org.springframework.security.web.session.DisableEncodeUrlFilter.doFilterInternal(DisableEncodeUrlFilter.java:42) ~[spring-security-web-6.5.6.jar:6.5.6]
	at org.springframework.web.filter.OncePerRequestFilter.doFilter(OncePerRequestFilter.java:116) ~[spring-web-6.2.12.jar:6.2.12]
	at org.springframework.security.web.FilterChainProxy$VirtualFilterChain.doFilter(FilterChainProxy.java:374) ~[spring-security-web-6.5.6.jar:6.5.6]
	at org.springframework.security.web.FilterChainProxy.doFilterInternal(FilterChainProxy.java:233) ~[spring-security-web-6.5.6.jar:6.5.6]
	at org.springframework.security.web.FilterChainProxy.doFilter(FilterChainProxy.java:191) ~[spring-security-web-6.5.6.jar:6.5.6]
	at org.springframework.web.filter.CompositeFilter$VirtualFilterChain.doFilter(CompositeFilter.java:113) ~[spring-web-6.2.12.jar:6.2.12]
	at org.springframework.web.filter.ServletRequestPathFilter.doFilter(ServletRequestPathFilter.java:52) ~[spring-web-6.2.12.jar:6.2.12]
	at org.springframework.web.filter.CompositeFilter$VirtualFilterChain.doFilter(CompositeFilter.java:113) ~[spring-web-6.2.12.jar:6.2.12]
	at org.springframework.web.filter.CompositeFilter.doFilter(CompositeFilter.java:74) ~[spring-web-6.2.12.jar:6.2.12]
	at org.springframework.security.config.annotation.web.configuration.WebSecurityConfiguration$CompositeFilterChainProxy.doFilter(WebSecurityConfiguration.java:319) ~[spring-security-config-6.5.6.jar:6.5.6]
	at org.springframework.web.filter.CompositeFilter$VirtualFilterChain.doFilter(CompositeFilter.java:113) ~[spring-web-6.2.12.jar:6.2.12]
	at org.springframework.web.servlet.handler.HandlerMappingIntrospector.lambda$createCacheFilter$4(HandlerMappingIntrospector.java:267) ~[spring-webmvc-6.2.12.jar:6.2.12]
	at org.springframework.web.filter.CompositeFilter$VirtualFilterChain.doFilter(CompositeFilter.java:113) ~[spring-web-6.2.12.jar:6.2.12]
	at org.springframework.web.filter.CompositeFilter.doFilter(CompositeFilter.java:74) ~[spring-web-6.2.12.jar:6.2.12]
	at org.springframework.security.config.annotation.web.configuration.WebMvcSecurityConfiguration$CompositeFilterChainProxy.doFilter(WebMvcSecurityConfiguration.java:240) ~[spring-security-config-6.5.6.jar:6.5.6]
	at org.springframework.web.filter.DelegatingFilterProxy.invokeDelegate(DelegatingFilterProxy.java:362) ~[spring-web-6.2.12.jar:6.2.12]
	at org.springframework.web.filter.DelegatingFilterProxy.doFilter(DelegatingFilterProxy.java:278) ~[spring-web-6.2.12.jar:6.2.12]
	at org.apache.catalina.core.ApplicationFilterChain.internalDoFilter(ApplicationFilterChain.java:162) ~[tomcat-embed-core-10.1.48.jar:10.1.48]
	at org.apache.catalina.core.ApplicationFilterChain.doFilter(ApplicationFilterChain.java:138) ~[tomcat-embed-core-10.1.48.jar:10.1.48]
	at org.springframework.web.filter.RequestContextFilter.doFilterInternal(RequestContextFilter.java:100) ~[spring-web-6.2.12.jar:6.2.12]
	at org.springframework.web.filter.OncePerRequestFilter.doFilter(OncePerRequestFilter.java:116) ~[spring-web-6.2.12.jar:6.2.12]
	at org.apache.catalina.core.ApplicationFilterChain.internalDoFilter(ApplicationFilterChain.java:162) ~[tomcat-embed-core-10.1.48.jar:10.1.48]
	at org.apache.catalina.core.ApplicationFilterChain.doFilter(ApplicationFilterChain.java:138) ~[tomcat-embed-core-10.1.48.jar:10.1.48]
	at org.springframework.web.filter.FormContentFilter.doFilterInternal(FormContentFilter.java:93) ~[spring-web-6.2.12.jar:6.2.12]
	at org.springframework.web.filter.OncePerRequestFilter.doFilter(OncePerRequestFilter.java:116) ~[spring-web-6.2.12.jar:6.2.12]
	at org.apache.catalina.core.ApplicationFilterChain.internalDoFilter(ApplicationFilterChain.java:162) ~[tomcat-embed-core-10.1.48.jar:10.1.48]
	at org.apache.catalina.core.ApplicationFilterChain.doFilter(ApplicationFilterChain.java:138) ~[tomcat-embed-core-10.1.48.jar:10.1.48]
	at org.springframework.web.filter.CharacterEncodingFilter.doFilterInternal(CharacterEncodingFilter.java:201) ~[spring-web-6.2.12.jar:6.2.12]
	at org.springframework.web.filter.OncePerRequestFilter.doFilter(OncePerRequestFilter.java:116) ~[spring-web-6.2.12.jar:6.2.12]
	at org.apache.catalina.core.ApplicationFilterChain.internalDoFilter(ApplicationFilterChain.java:162) ~[tomcat-embed-core-10.1.48.jar:10.1.48]
	at org.apache.catalina.core.ApplicationFilterChain.doFilter(ApplicationFilterChain.java:138) ~[tomcat-embed-core-10.1.48.jar:10.1.48]
	at org.apache.catalina.core.StandardWrapperValve.invoke(StandardWrapperValve.java:165) ~[tomcat-embed-core-10.1.48.jar:10.1.48]
	at org.apache.catalina.core.StandardContextValve.invoke(StandardContextValve.java:88) ~[tomcat-embed-core-10.1.48.jar:10.1.48]
	at org.apache.catalina.authenticator.AuthenticatorBase.invoke(AuthenticatorBase.java:482) ~[tomcat-embed-core-10.1.48.jar:10.1.48]
	at org.apache.catalina.core.StandardHostValve.invoke(StandardHostValve.java:113) ~[tomcat-embed-core-10.1.48.jar:10.1.48]
	... 12 common frames omitted
Caused by: org.apache.tomcat.util.http.fileupload.impl.FileCountLimitExceededException: attachment
	at org.apache.tomcat.util.http.fileupload.FileUploadBase.parseRequest(FileUploadBase.java:459) ~[tomcat-embed-core-10.1.48.jar:10.1.48]
	at org.apache.catalina.connector.Request.parseParts(Request.java:2675) ~[tomcat-embed-core-10.1.48.jar:10.1.48]
	... 68 common frames omitted
2025-11-07 00:10:34 [http-nio-8080-exec-3] [WARN] o.t.s.p.AbstractStandardFragmentInsertionTagProcessor - [THYMELEAF][http-nio-8080-exec-3][Admin/fixproduct] Deprecated unwrapped fragment expression "Admin/header :: Header" found in template Admin/fixproduct, line 83, col 10. Please use the complete syntax of fragment expressions instead ("~{Admin/header :: Header}"). The old, unwrapped syntax for fragment expressions will be removed in future versions of Thymeleaf.
2025-11-07 00:10:34 [http-nio-8080-exec-3] [WARN] o.t.s.p.AbstractStandardFragmentInsertionTagProcessor - [THYMELEAF][http-nio-8080-exec-3][Admin/fixproduct] Deprecated unwrapped fragment expression "Admin/sidebar :: sideBar" found in template Admin/fixproduct, line 84, col 10. Please use the complete syntax of fragment expressions instead ("~{Admin/sidebar :: sideBar}"). The old, unwrapped syntax for fragment expressions will be removed in future versions of Thymeleaf.
2025-11-07 00:10:35 [http-nio-8080-exec-3] [WARN] o.t.s.p.AbstractStandardFragmentInsertionTagProcessor - [THYMELEAF][http-nio-8080-exec-3][Admin/fixproduct] Deprecated unwrapped fragment expression "Admin/footer :: Footer" found in template Admin/fixproduct, line 215, col 10. Please use the complete syntax of fragment expressions instead ("~{Admin/footer :: Footer}"). The old, unwrapped syntax for fragment expressions will be removed in future versions of Thymeleaf.
2025-11-07 00:10:52 [http-nio-8080-exec-7] [WARN] o.t.s.p.AbstractStandardFragmentInsertionTagProcessor - [THYMELEAF][http-nio-8080-exec-7][Admin/fixproduct] Deprecated unwrapped fragment expression "Admin/header :: Header" found in template Admin/fixproduct, line 83, col 10. Please use the complete syntax of fragment expressions instead ("~{Admin/header :: Header}"). The old, unwrapped syntax for fragment expressions will be removed in future versions of Thymeleaf.
2025-11-07 00:10:52 [http-nio-8080-exec-7] [WARN] o.t.s.p.AbstractStandardFragmentInsertionTagProcessor - [THYMELEAF][http-nio-8080-exec-7][Admin/fixproduct] Deprecated unwrapped fragment expression "Admin/sidebar :: sideBar" found in template Admin/fixproduct, line 84, col 10. Please use the complete syntax of fragment expressions instead ("~{Admin/sidebar :: sideBar}"). The old, unwrapped syntax for fragment expressions will be removed in future versions of Thymeleaf.
2025-11-07 00:10:52 [http-nio-8080-exec-7] [WARN] o.t.s.p.AbstractStandardFragmentInsertionTagProcessor - [THYMELEAF][http-nio-8080-exec-7][Admin/fixproduct] Deprecated unwrapped fragment expression "Admin/footer :: Footer" found in template Admin/fixproduct, line 215, col 10. Please use the complete syntax of fragment expressions instead ("~{Admin/footer :: Footer}"). The old, unwrapped syntax for fragment expressions will be removed in future versions of Thymeleaf.
2025-11-07 00:11:01 [http-nio-8080-exec-1] [ERROR] o.a.c.c.C.[.[.[.[dispatcherServlet] - Servlet.service() for servlet [dispatcherServlet] threw exception
org.apache.tomcat.util.http.fileupload.impl.FileCountLimitExceededException: attachment
	at org.apache.tomcat.util.http.fileupload.FileUploadBase.parseRequest(FileUploadBase.java:459) ~[tomcat-embed-core-10.1.48.jar:10.1.48]
	at org.apache.catalina.connector.Request.parseParts(Request.java:2675) ~[tomcat-embed-core-10.1.48.jar:10.1.48]
	at org.apache.catalina.connector.Request.parseParameters(Request.java:3029) ~[tomcat-embed-core-10.1.48.jar:10.1.48]
	at org.apache.catalina.connector.Request.getParameter(Request.java:1109) ~[tomcat-embed-core-10.1.48.jar:10.1.48]
	at org.apache.catalina.connector.RequestFacade.getParameter(RequestFacade.java:306) ~[tomcat-embed-core-10.1.48.jar:10.1.48]
	at jakarta.servlet.ServletRequestWrapper.getParameter(ServletRequestWrapper.java:149) ~[tomcat-embed-core-10.1.48.jar:6.0]
	at org.springframework.security.web.firewall.StrictHttpFirewall$StrictFirewalledRequest.getParameter(StrictHttpFirewall.java:779) ~[spring-security-web-6.5.6.jar:6.5.6]
	at jakarta.servlet.ServletRequestWrapper.getParameter(ServletRequestWrapper.java:149) ~[tomcat-embed-core-10.1.48.jar:6.0]
	at org.springframework.security.web.csrf.CsrfTokenRequestHandler.resolveCsrfTokenValue(CsrfTokenRequestHandler.java:60) ~[spring-security-web-6.5.6.jar:6.5.6]
	at org.springframework.security.web.csrf.XorCsrfTokenRequestAttributeHandler.resolveCsrfTokenValue(XorCsrfTokenRequestAttributeHandler.java:78) ~[spring-security-web-6.5.6.jar:6.5.6]
	at org.springframework.security.web.csrf.CsrfFilter.doFilterInternal(CsrfFilter.java:121) ~[spring-security-web-6.5.6.jar:6.5.6]
	at org.springframework.web.filter.OncePerRequestFilter.doFilter(OncePerRequestFilter.java:116) ~[spring-web-6.2.12.jar:6.2.12]
	at org.springframework.security.web.FilterChainProxy$VirtualFilterChain.doFilter(FilterChainProxy.java:374) ~[spring-security-web-6.5.6.jar:6.5.6]
	at org.springframework.security.web.header.HeaderWriterFilter.doHeadersAfter(HeaderWriterFilter.java:90) ~[spring-security-web-6.5.6.jar:6.5.6]
	at org.springframework.security.web.header.HeaderWriterFilter.doFilterInternal(HeaderWriterFilter.java:75) ~[spring-security-web-6.5.6.jar:6.5.6]
	at org.springframework.web.filter.OncePerRequestFilter.doFilter(OncePerRequestFilter.java:116) ~[spring-web-6.2.12.jar:6.2.12]
	at org.springframework.security.web.FilterChainProxy$VirtualFilterChain.doFilter(FilterChainProxy.java:374) ~[spring-security-web-6.5.6.jar:6.5.6]
	at org.springframework.security.web.context.SecurityContextHolderFilter.doFilter(SecurityContextHolderFilter.java:82) ~[spring-security-web-6.5.6.jar:6.5.6]
	at org.springframework.security.web.context.SecurityContextHolderFilter.doFilter(SecurityContextHolderFilter.java:69) ~[spring-security-web-6.5.6.jar:6.5.6]
	at org.springframework.security.web.FilterChainProxy$VirtualFilterChain.doFilter(FilterChainProxy.java:374) ~[spring-security-web-6.5.6.jar:6.5.6]
	at org.springframework.security.web.context.request.async.WebAsyncManagerIntegrationFilter.doFilterInternal(WebAsyncManagerIntegrationFilter.java:62) ~[spring-security-web-6.5.6.jar:6.5.6]
	at org.springframework.web.filter.OncePerRequestFilter.doFilter(OncePerRequestFilter.java:116) ~[spring-web-6.2.12.jar:6.2.12]
	at org.springframework.security.web.FilterChainProxy$VirtualFilterChain.doFilter(FilterChainProxy.java:374) ~[spring-security-web-6.5.6.jar:6.5.6]
	at org.springframework.security.web.session.DisableEncodeUrlFilter.doFilterInternal(DisableEncodeUrlFilter.java:42) ~[spring-security-web-6.5.6.jar:6.5.6]
	at org.springframework.web.filter.OncePerRequestFilter.doFilter(OncePerRequestFilter.java:116) ~[spring-web-6.2.12.jar:6.2.12]
	at org.springframework.security.web.FilterChainProxy$VirtualFilterChain.doFilter(FilterChainProxy.java:374) ~[spring-security-web-6.5.6.jar:6.5.6]
	at org.springframework.security.web.FilterChainProxy.doFilterInternal(FilterChainProxy.java:233) ~[spring-security-web-6.5.6.jar:6.5.6]
	at org.springframework.security.web.FilterChainProxy.doFilter(FilterChainProxy.java:191) ~[spring-security-web-6.5.6.jar:6.5.6]
	at org.springframework.web.filter.CompositeFilter$VirtualFilterChain.doFilter(CompositeFilter.java:113) ~[spring-web-6.2.12.jar:6.2.12]
	at org.springframework.web.filter.ServletRequestPathFilter.doFilter(ServletRequestPathFilter.java:52) ~[spring-web-6.2.12.jar:6.2.12]
	at org.springframework.web.filter.CompositeFilter$VirtualFilterChain.doFilter(CompositeFilter.java:113) ~[spring-web-6.2.12.jar:6.2.12]
	at org.springframework.web.filter.CompositeFilter.doFilter(CompositeFilter.java:74) ~[spring-web-6.2.12.jar:6.2.12]
	at org.springframework.security.config.annotation.web.configuration.WebSecurityConfiguration$CompositeFilterChainProxy.doFilter(WebSecurityConfiguration.java:319) ~[spring-security-config-6.5.6.jar:6.5.6]
	at org.springframework.web.filter.CompositeFilter$VirtualFilterChain.doFilter(CompositeFilter.java:113) ~[spring-web-6.2.12.jar:6.2.12]
	at org.springframework.web.servlet.handler.HandlerMappingIntrospector.lambda$createCacheFilter$4(HandlerMappingIntrospector.java:267) ~[spring-webmvc-6.2.12.jar:6.2.12]
	at org.springframework.web.filter.CompositeFilter$VirtualFilterChain.doFilter(CompositeFilter.java:113) ~[spring-web-6.2.12.jar:6.2.12]
	at org.springframework.web.filter.CompositeFilter.doFilter(CompositeFilter.java:74) ~[spring-web-6.2.12.jar:6.2.12]
	at org.springframework.security.config.annotation.web.configuration.WebMvcSecurityConfiguration$CompositeFilterChainProxy.doFilter(WebMvcSecurityConfiguration.java:240) ~[spring-security-config-6.5.6.jar:6.5.6]
	at org.springframework.web.filter.DelegatingFilterProxy.invokeDelegate(DelegatingFilterProxy.java:362) ~[spring-web-6.2.12.jar:6.2.12]
	at org.springframework.web.filter.DelegatingFilterProxy.doFilter(DelegatingFilterProxy.java:278) ~[spring-web-6.2.12.jar:6.2.12]
	at org.apache.catalina.core.ApplicationFilterChain.internalDoFilter(ApplicationFilterChain.java:162) ~[tomcat-embed-core-10.1.48.jar:10.1.48]
	at org.apache.catalina.core.ApplicationFilterChain.doFilter(ApplicationFilterChain.java:138) ~[tomcat-embed-core-10.1.48.jar:10.1.48]
	at org.springframework.web.filter.RequestContextFilter.doFilterInternal(RequestContextFilter.java:100) ~[spring-web-6.2.12.jar:6.2.12]
	at org.springframework.web.filter.OncePerRequestFilter.doFilter(OncePerRequestFilter.java:116) ~[spring-web-6.2.12.jar:6.2.12]
	at org.apache.catalina.core.ApplicationFilterChain.internalDoFilter(ApplicationFilterChain.java:162) ~[tomcat-embed-core-10.1.48.jar:10.1.48]
	at org.apache.catalina.core.ApplicationFilterChain.doFilter(ApplicationFilterChain.java:138) ~[tomcat-embed-core-10.1.48.jar:10.1.48]
	at org.springframework.web.filter.FormContentFilter.doFilterInternal(FormContentFilter.java:93) ~[spring-web-6.2.12.jar:6.2.12]
	at org.springframework.web.filter.OncePerRequestFilter.doFilter(OncePerRequestFilter.java:116) ~[spring-web-6.2.12.jar:6.2.12]
	at org.apache.catalina.core.ApplicationFilterChain.internalDoFilter(ApplicationFilterChain.java:162) ~[tomcat-embed-core-10.1.48.jar:10.1.48]
	at org.apache.catalina.core.ApplicationFilterChain.doFilter(ApplicationFilterChain.java:138) ~[tomcat-embed-core-10.1.48.jar:10.1.48]
	at org.springframework.web.filter.CharacterEncodingFilter.doFilterInternal(CharacterEncodingFilter.java:201) ~[spring-web-6.2.12.jar:6.2.12]
	at org.springframework.web.filter.OncePerRequestFilter.doFilter(OncePerRequestFilter.java:116) ~[spring-web-6.2.12.jar:6.2.12]
	at org.apache.catalina.core.ApplicationFilterChain.internalDoFilter(ApplicationFilterChain.java:162) ~[tomcat-embed-core-10.1.48.jar:10.1.48]
	at org.apache.catalina.core.ApplicationFilterChain.doFilter(ApplicationFilterChain.java:138) ~[tomcat-embed-core-10.1.48.jar:10.1.48]
	at org.apache.catalina.core.StandardWrapperValve.invoke(StandardWrapperValve.java:165) ~[tomcat-embed-core-10.1.48.jar:10.1.48]
	at org.apache.catalina.core.StandardContextValve.invoke(StandardContextValve.java:88) ~[tomcat-embed-core-10.1.48.jar:10.1.48]
	at org.apache.catalina.authenticator.AuthenticatorBase.invoke(AuthenticatorBase.java:482) ~[tomcat-embed-core-10.1.48.jar:10.1.48]
	at org.apache.catalina.core.StandardHostValve.invoke(StandardHostValve.java:113) ~[tomcat-embed-core-10.1.48.jar:10.1.48]
	at org.apache.catalina.valves.ErrorReportValve.invoke(ErrorReportValve.java:83) ~[tomcat-embed-core-10.1.48.jar:10.1.48]
	at org.apache.catalina.core.StandardEngineValve.invoke(StandardEngineValve.java:72) ~[tomcat-embed-core-10.1.48.jar:10.1.48]
	at org.apache.catalina.connector.CoyoteAdapter.service(CoyoteAdapter.java:342) ~[tomcat-embed-core-10.1.48.jar:10.1.48]
	at org.apache.coyote.http11.Http11Processor.service(Http11Processor.java:399) ~[tomcat-embed-core-10.1.48.jar:10.1.48]
	at org.apache.coyote.AbstractProcessorLight.process(AbstractProcessorLight.java:63) ~[tomcat-embed-core-10.1.48.jar:10.1.48]
	at org.apache.coyote.AbstractProtocol$ConnectionHandler.process(AbstractProtocol.java:903) ~[tomcat-embed-core-10.1.48.jar:10.1.48]
	at org.apache.tomcat.util.net.NioEndpoint$SocketProcessor.doRun(NioEndpoint.java:1774) ~[tomcat-embed-core-10.1.48.jar:10.1.48]
	at org.apache.tomcat.util.net.SocketProcessorBase.run(SocketProcessorBase.java:52) ~[tomcat-embed-core-10.1.48.jar:10.1.48]
	at org.apache.tomcat.util.threads.ThreadPoolExecutor.runWorker(ThreadPoolExecutor.java:973) ~[tomcat-embed-core-10.1.48.jar:10.1.48]
	at org.apache.tomcat.util.threads.ThreadPoolExecutor$Worker.run(ThreadPoolExecutor.java:491) ~[tomcat-embed-core-10.1.48.jar:10.1.48]
	at org.apache.tomcat.util.threads.TaskThread$WrappingRunnable.run(TaskThread.java:63) ~[tomcat-embed-core-10.1.48.jar:10.1.48]
	at java.base/java.lang.Thread.run(Thread.java:1570) ~[na:na]
2025-11-07 00:11:01 [http-nio-8080-exec-1] [ERROR] o.a.c.c.C.[Tomcat-1].[localhost] - Exception Processing [ErrorPage[errorCode=0, location=/error]]
jakarta.servlet.ServletException: Request processing failed: org.springframework.web.multipart.MultipartException: Failed to parse multipart servlet request
	at org.springframework.web.servlet.FrameworkServlet.processRequest(FrameworkServlet.java:1022) ~[spring-webmvc-6.2.12.jar:6.2.12]
	at org.springframework.web.servlet.FrameworkServlet.doPost(FrameworkServlet.java:914) ~[spring-webmvc-6.2.12.jar:6.2.12]
	at jakarta.servlet.http.HttpServlet.service(HttpServlet.java:590) ~[tomcat-embed-core-10.1.48.jar:6.0]
	at org.springframework.web.servlet.FrameworkServlet.service(FrameworkServlet.java:885) ~[spring-webmvc-6.2.12.jar:6.2.12]
	at jakarta.servlet.http.HttpServlet.service(HttpServlet.java:658) ~[tomcat-embed-core-10.1.48.jar:6.0]
	at org.apache.catalina.core.ApplicationFilterChain.internalDoFilter(ApplicationFilterChain.java:193) ~[tomcat-embed-core-10.1.48.jar:10.1.48]
	at org.apache.catalina.core.ApplicationFilterChain.doFilter(ApplicationFilterChain.java:138) ~[tomcat-embed-core-10.1.48.jar:10.1.48]
	at org.springframework.web.filter.CompositeFilter$VirtualFilterChain.doFilter(CompositeFilter.java:108) ~[spring-web-6.2.12.jar:6.2.12]
	at org.springframework.web.filter.CompositeFilter$VirtualFilterChain.doFilter(CompositeFilter.java:108) ~[spring-web-6.2.12.jar:6.2.12]
	at org.springframework.security.web.FilterChainProxy.lambda$doFilterInternal$3(FilterChainProxy.java:231) ~[spring-security-web-6.5.6.jar:6.5.6]
	at org.springframework.security.web.FilterChainProxy$VirtualFilterChain.doFilter(FilterChainProxy.java:365) ~[spring-security-web-6.5.6.jar:6.5.6]
	at org.springframework.security.web.access.intercept.AuthorizationFilter.doFilter(AuthorizationFilter.java:101) ~[spring-security-web-6.5.6.jar:6.5.6]
	at org.springframework.security.web.FilterChainProxy$VirtualFilterChain.doFilter(FilterChainProxy.java:374) ~[spring-security-web-6.5.6.jar:6.5.6]
	at org.springframework.security.web.access.ExceptionTranslationFilter.doFilter(ExceptionTranslationFilter.java:125) ~[spring-security-web-6.5.6.jar:6.5.6]
	at org.springframework.security.web.access.ExceptionTranslationFilter.doFilter(ExceptionTranslationFilter.java:119) ~[spring-security-web-6.5.6.jar:6.5.6]
	at org.springframework.security.web.FilterChainProxy$VirtualFilterChain.doFilter(FilterChainProxy.java:374) ~[spring-security-web-6.5.6.jar:6.5.6]
	at org.springframework.security.web.authentication.AnonymousAuthenticationFilter.doFilter(AnonymousAuthenticationFilter.java:100) ~[spring-security-web-6.5.6.jar:6.5.6]
	at org.springframework.security.web.FilterChainProxy$VirtualFilterChain.doFilter(FilterChainProxy.java:374) ~[spring-security-web-6.5.6.jar:6.5.6]
	at org.springframework.security.web.servletapi.SecurityContextHolderAwareRequestFilter.doFilter(SecurityContextHolderAwareRequestFilter.java:179) ~[spring-security-web-6.5.6.jar:6.5.6]
	at org.springframework.security.web.FilterChainProxy$VirtualFilterChain.doFilter(FilterChainProxy.java:374) ~[spring-security-web-6.5.6.jar:6.5.6]
	at org.springframework.security.web.savedrequest.RequestCacheAwareFilter.doFilter(RequestCacheAwareFilter.java:63) ~[spring-security-web-6.5.6.jar:6.5.6]
	at org.springframework.security.web.FilterChainProxy$VirtualFilterChain.doFilter(FilterChainProxy.java:374) ~[spring-security-web-6.5.6.jar:6.5.6]
	at org.springframework.security.web.authentication.AbstractAuthenticationProcessingFilter.doFilter(AbstractAuthenticationProcessingFilter.java:235) ~[spring-security-web-6.5.6.jar:6.5.6]
	at org.springframework.security.web.authentication.AbstractAuthenticationProcessingFilter.doFilter(AbstractAuthenticationProcessingFilter.java:229) ~[spring-security-web-6.5.6.jar:6.5.6]
	at org.springframework.security.web.FilterChainProxy$VirtualFilterChain.doFilter(FilterChainProxy.java:374) ~[spring-security-web-6.5.6.jar:6.5.6]
	at org.springframework.security.web.authentication.logout.LogoutFilter.doFilter(LogoutFilter.java:107) ~[spring-security-web-6.5.6.jar:6.5.6]
	at org.springframework.security.web.authentication.logout.LogoutFilter.doFilter(LogoutFilter.java:93) ~[spring-security-web-6.5.6.jar:6.5.6]
	at org.springframework.security.web.FilterChainProxy$VirtualFilterChain.doFilter(FilterChainProxy.java:374) ~[spring-security-web-6.5.6.jar:6.5.6]
	at org.springframework.web.filter.OncePerRequestFilter.doFilter(OncePerRequestFilter.java:101) ~[spring-web-6.2.12.jar:6.2.12]
	at org.springframework.security.web.FilterChainProxy$VirtualFilterChain.doFilter(FilterChainProxy.java:374) ~[spring-security-web-6.5.6.jar:6.5.6]
	at org.springframework.web.filter.OncePerRequestFilter.doFilter(OncePerRequestFilter.java:101) ~[spring-web-6.2.12.jar:6.2.12]
	at org.springframework.security.web.FilterChainProxy$VirtualFilterChain.doFilter(FilterChainProxy.java:374) ~[spring-security-web-6.5.6.jar:6.5.6]
	at org.springframework.security.web.context.SecurityContextHolderFilter.doFilter(SecurityContextHolderFilter.java:82) ~[spring-security-web-6.5.6.jar:6.5.6]
	at org.springframework.security.web.context.SecurityContextHolderFilter.doFilter(SecurityContextHolderFilter.java:69) ~[spring-security-web-6.5.6.jar:6.5.6]
	at org.springframework.security.web.FilterChainProxy$VirtualFilterChain.doFilter(FilterChainProxy.java:374) ~[spring-security-web-6.5.6.jar:6.5.6]
	at org.springframework.web.filter.OncePerRequestFilter.doFilter(OncePerRequestFilter.java:101) ~[spring-web-6.2.12.jar:6.2.12]
	at org.springframework.security.web.FilterChainProxy$VirtualFilterChain.doFilter(FilterChainProxy.java:374) ~[spring-security-web-6.5.6.jar:6.5.6]
	at org.springframework.web.filter.OncePerRequestFilter.doFilter(OncePerRequestFilter.java:101) ~[spring-web-6.2.12.jar:6.2.12]
	at org.springframework.security.web.FilterChainProxy$VirtualFilterChain.doFilter(FilterChainProxy.java:374) ~[spring-security-web-6.5.6.jar:6.5.6]
	at org.springframework.security.web.FilterChainProxy.doFilterInternal(FilterChainProxy.java:233) ~[spring-security-web-6.5.6.jar:6.5.6]
	at org.springframework.security.web.FilterChainProxy.doFilter(FilterChainProxy.java:191) ~[spring-security-web-6.5.6.jar:6.5.6]
	at org.springframework.web.filter.CompositeFilter$VirtualFilterChain.doFilter(CompositeFilter.java:113) ~[spring-web-6.2.12.jar:6.2.12]
	at org.springframework.web.filter.ServletRequestPathFilter.doFilter(ServletRequestPathFilter.java:52) ~[spring-web-6.2.12.jar:6.2.12]
	at org.springframework.web.filter.CompositeFilter$VirtualFilterChain.doFilter(CompositeFilter.java:113) ~[spring-web-6.2.12.jar:6.2.12]
	at org.springframework.web.filter.CompositeFilter.doFilter(CompositeFilter.java:74) ~[spring-web-6.2.12.jar:6.2.12]
	at org.springframework.security.config.annotation.web.configuration.WebSecurityConfiguration$CompositeFilterChainProxy.doFilter(WebSecurityConfiguration.java:319) ~[spring-security-config-6.5.6.jar:6.5.6]
	at org.springframework.web.filter.CompositeFilter$VirtualFilterChain.doFilter(CompositeFilter.java:113) ~[spring-web-6.2.12.jar:6.2.12]
	at org.springframework.web.servlet.handler.HandlerMappingIntrospector.lambda$createCacheFilter$4(HandlerMappingIntrospector.java:267) ~[spring-webmvc-6.2.12.jar:6.2.12]
	at org.springframework.web.filter.CompositeFilter$VirtualFilterChain.doFilter(CompositeFilter.java:113) ~[spring-web-6.2.12.jar:6.2.12]
	at org.springframework.web.filter.CompositeFilter.doFilter(CompositeFilter.java:74) ~[spring-web-6.2.12.jar:6.2.12]
	at org.springframework.security.config.annotation.web.configuration.WebMvcSecurityConfiguration$CompositeFilterChainProxy.doFilter(WebMvcSecurityConfiguration.java:240) ~[spring-security-config-6.5.6.jar:6.5.6]
	at org.springframework.web.filter.DelegatingFilterProxy.invokeDelegate(DelegatingFilterProxy.java:362) ~[spring-web-6.2.12.jar:6.2.12]
	at org.springframework.web.filter.DelegatingFilterProxy.doFilter(DelegatingFilterProxy.java:278) ~[spring-web-6.2.12.jar:6.2.12]
	at org.apache.catalina.core.ApplicationFilterChain.internalDoFilter(ApplicationFilterChain.java:162) ~[tomcat-embed-core-10.1.48.jar:10.1.48]
	at org.apache.catalina.core.ApplicationFilterChain.doFilter(ApplicationFilterChain.java:138) ~[tomcat-embed-core-10.1.48.jar:10.1.48]
	at org.springframework.web.filter.RequestContextFilter.doFilterInternal(RequestContextFilter.java:100) ~[spring-web-6.2.12.jar:6.2.12]
	at org.springframework.web.filter.OncePerRequestFilter.doFilter(OncePerRequestFilter.java:116) ~[spring-web-6.2.12.jar:6.2.12]
	at org.apache.catalina.core.ApplicationFilterChain.internalDoFilter(ApplicationFilterChain.java:162) ~[tomcat-embed-core-10.1.48.jar:10.1.48]
	at org.apache.catalina.core.ApplicationFilterChain.doFilter(ApplicationFilterChain.java:138) ~[tomcat-embed-core-10.1.48.jar:10.1.48]
	at org.springframework.web.filter.OncePerRequestFilter.doFilter(OncePerRequestFilter.java:101) ~[spring-web-6.2.12.jar:6.2.12]
	at org.apache.catalina.core.ApplicationFilterChain.internalDoFilter(ApplicationFilterChain.java:162) ~[tomcat-embed-core-10.1.48.jar:10.1.48]
	at org.apache.catalina.core.ApplicationFilterChain.doFilter(ApplicationFilterChain.java:138) ~[tomcat-embed-core-10.1.48.jar:10.1.48]
	at org.springframework.web.filter.OncePerRequestFilter.doFilter(OncePerRequestFilter.java:101) ~[spring-web-6.2.12.jar:6.2.12]
	at org.apache.catalina.core.ApplicationFilterChain.internalDoFilter(ApplicationFilterChain.java:162) ~[tomcat-embed-core-10.1.48.jar:10.1.48]
	at org.apache.catalina.core.ApplicationFilterChain.doFilter(ApplicationFilterChain.java:138) ~[tomcat-embed-core-10.1.48.jar:10.1.48]
	at org.apache.catalina.core.ApplicationDispatcher.invoke(ApplicationDispatcher.java:610) ~[tomcat-embed-core-10.1.48.jar:10.1.48]
	at org.apache.catalina.core.ApplicationDispatcher.processRequest(ApplicationDispatcher.java:394) ~[tomcat-embed-core-10.1.48.jar:10.1.48]
	at org.apache.catalina.core.ApplicationDispatcher.doForward(ApplicationDispatcher.java:321) ~[tomcat-embed-core-10.1.48.jar:10.1.48]
	at org.apache.catalina.core.ApplicationDispatcher.forward(ApplicationDispatcher.java:266) ~[tomcat-embed-core-10.1.48.jar:10.1.48]
	at org.apache.catalina.core.StandardHostValve.custom(StandardHostValve.java:374) ~[tomcat-embed-core-10.1.48.jar:10.1.48]
	at org.apache.catalina.core.StandardHostValve.status(StandardHostValve.java:206) ~[tomcat-embed-core-10.1.48.jar:10.1.48]
	at org.apache.catalina.core.StandardHostValve.invoke(StandardHostValve.java:149) ~[tomcat-embed-core-10.1.48.jar:10.1.48]
	at org.apache.catalina.valves.ErrorReportValve.invoke(ErrorReportValve.java:83) ~[tomcat-embed-core-10.1.48.jar:10.1.48]
	at org.apache.catalina.core.StandardEngineValve.invoke(StandardEngineValve.java:72) ~[tomcat-embed-core-10.1.48.jar:10.1.48]
	at org.apache.catalina.connector.CoyoteAdapter.service(CoyoteAdapter.java:342) ~[tomcat-embed-core-10.1.48.jar:10.1.48]
	at org.apache.coyote.http11.Http11Processor.service(Http11Processor.java:399) ~[tomcat-embed-core-10.1.48.jar:10.1.48]
	at org.apache.coyote.AbstractProcessorLight.process(AbstractProcessorLight.java:63) ~[tomcat-embed-core-10.1.48.jar:10.1.48]
	at org.apache.coyote.AbstractProtocol$ConnectionHandler.process(AbstractProtocol.java:903) ~[tomcat-embed-core-10.1.48.jar:10.1.48]
	at org.apache.tomcat.util.net.NioEndpoint$SocketProcessor.doRun(NioEndpoint.java:1774) ~[tomcat-embed-core-10.1.48.jar:10.1.48]
	at org.apache.tomcat.util.net.SocketProcessorBase.run(SocketProcessorBase.java:52) ~[tomcat-embed-core-10.1.48.jar:10.1.48]
	at org.apache.tomcat.util.threads.ThreadPoolExecutor.runWorker(ThreadPoolExecutor.java:973) ~[tomcat-embed-core-10.1.48.jar:10.1.48]
	at org.apache.tomcat.util.threads.ThreadPoolExecutor$Worker.run(ThreadPoolExecutor.java:491) ~[tomcat-embed-core-10.1.48.jar:10.1.48]
	at org.apache.tomcat.util.threads.TaskThread$WrappingRunnable.run(TaskThread.java:63) ~[tomcat-embed-core-10.1.48.jar:10.1.48]
	at java.base/java.lang.Thread.run(Thread.java:1570) ~[na:na]
Caused by: org.springframework.web.multipart.MultipartException: Failed to parse multipart servlet request
	at org.springframework.web.multipart.support.StandardMultipartHttpServletRequest.handleParseFailure(StandardMultipartHttpServletRequest.java:133) ~[spring-web-6.2.12.jar:6.2.12]
	at org.springframework.web.multipart.support.StandardMultipartHttpServletRequest.parseRequest(StandardMultipartHttpServletRequest.java:112) ~[spring-web-6.2.12.jar:6.2.12]
	at org.springframework.web.multipart.support.StandardMultipartHttpServletRequest.<init>(StandardMultipartHttpServletRequest.java:88) ~[spring-web-6.2.12.jar:6.2.12]
	at org.springframework.web.multipart.support.StandardServletMultipartResolver.resolveMultipart(StandardServletMultipartResolver.java:112) ~[spring-web-6.2.12.jar:6.2.12]
	at org.springframework.web.servlet.DispatcherServlet.checkMultipart(DispatcherServlet.java:1228) ~[spring-webmvc-6.2.12.jar:6.2.12]
	at org.springframework.web.servlet.DispatcherServlet.doDispatch(DispatcherServlet.java:1061) ~[spring-webmvc-6.2.12.jar:6.2.12]
	at org.springframework.web.servlet.DispatcherServlet.doService(DispatcherServlet.java:979) ~[spring-webmvc-6.2.12.jar:6.2.12]
	at org.springframework.web.servlet.FrameworkServlet.processRequest(FrameworkServlet.java:1014) ~[spring-webmvc-6.2.12.jar:6.2.12]
	... 83 common frames omitted
Caused by: java.lang.IllegalStateException: org.apache.tomcat.util.http.fileupload.impl.FileCountLimitExceededException: attachment
	at org.apache.catalina.connector.Request.parseParts(Request.java:2720) ~[tomcat-embed-core-10.1.48.jar:10.1.48]
	at org.apache.catalina.connector.Request.parseParameters(Request.java:3029) ~[tomcat-embed-core-10.1.48.jar:10.1.48]
	at org.apache.catalina.connector.Request.getParameter(Request.java:1109) ~[tomcat-embed-core-10.1.48.jar:10.1.48]
	at org.apache.catalina.connector.RequestFacade.getParameter(RequestFacade.java:306) ~[tomcat-embed-core-10.1.48.jar:10.1.48]
	at jakarta.servlet.ServletRequestWrapper.getParameter(ServletRequestWrapper.java:149) ~[tomcat-embed-core-10.1.48.jar:6.0]
	at org.springframework.security.web.firewall.StrictHttpFirewall$StrictFirewalledRequest.getParameter(StrictHttpFirewall.java:779) ~[spring-security-web-6.5.6.jar:6.5.6]
	at jakarta.servlet.ServletRequestWrapper.getParameter(ServletRequestWrapper.java:149) ~[tomcat-embed-core-10.1.48.jar:6.0]
	at org.springframework.security.web.csrf.CsrfTokenRequestHandler.resolveCsrfTokenValue(CsrfTokenRequestHandler.java:60) ~[spring-security-web-6.5.6.jar:6.5.6]
	at org.springframework.security.web.csrf.XorCsrfTokenRequestAttributeHandler.resolveCsrfTokenValue(XorCsrfTokenRequestAttributeHandler.java:78) ~[spring-security-web-6.5.6.jar:6.5.6]
	at org.springframework.security.web.csrf.CsrfFilter.doFilterInternal(CsrfFilter.java:121) ~[spring-security-web-6.5.6.jar:6.5.6]
	at org.springframework.web.filter.OncePerRequestFilter.doFilter(OncePerRequestFilter.java:116) ~[spring-web-6.2.12.jar:6.2.12]
	at org.springframework.security.web.FilterChainProxy$VirtualFilterChain.doFilter(FilterChainProxy.java:374) ~[spring-security-web-6.5.6.jar:6.5.6]
	at org.springframework.security.web.header.HeaderWriterFilter.doHeadersAfter(HeaderWriterFilter.java:90) ~[spring-security-web-6.5.6.jar:6.5.6]
	at org.springframework.security.web.header.HeaderWriterFilter.doFilterInternal(HeaderWriterFilter.java:75) ~[spring-security-web-6.5.6.jar:6.5.6]
	at org.springframework.web.filter.OncePerRequestFilter.doFilter(OncePerRequestFilter.java:116) ~[spring-web-6.2.12.jar:6.2.12]
	at org.springframework.security.web.FilterChainProxy$VirtualFilterChain.doFilter(FilterChainProxy.java:374) ~[spring-security-web-6.5.6.jar:6.5.6]
	at org.springframework.security.web.context.SecurityContextHolderFilter.doFilter(SecurityContextHolderFilter.java:82) ~[spring-security-web-6.5.6.jar:6.5.6]
	at org.springframework.security.web.context.SecurityContextHolderFilter.doFilter(SecurityContextHolderFilter.java:69) ~[spring-security-web-6.5.6.jar:6.5.6]
	at org.springframework.security.web.FilterChainProxy$VirtualFilterChain.doFilter(FilterChainProxy.java:374) ~[spring-security-web-6.5.6.jar:6.5.6]
	at org.springframework.security.web.context.request.async.WebAsyncManagerIntegrationFilter.doFilterInternal(WebAsyncManagerIntegrationFilter.java:62) ~[spring-security-web-6.5.6.jar:6.5.6]
	at org.springframework.web.filter.OncePerRequestFilter.doFilter(OncePerRequestFilter.java:116) ~[spring-web-6.2.12.jar:6.2.12]
	at org.springframework.security.web.FilterChainProxy$VirtualFilterChain.doFilter(FilterChainProxy.java:374) ~[spring-security-web-6.5.6.jar:6.5.6]
	at org.springframework.security.web.session.DisableEncodeUrlFilter.doFilterInternal(DisableEncodeUrlFilter.java:42) ~[spring-security-web-6.5.6.jar:6.5.6]
	at org.springframework.web.filter.OncePerRequestFilter.doFilter(OncePerRequestFilter.java:116) ~[spring-web-6.2.12.jar:6.2.12]
	at org.springframework.security.web.FilterChainProxy$VirtualFilterChain.doFilter(FilterChainProxy.java:374) ~[spring-security-web-6.5.6.jar:6.5.6]
	at org.springframework.security.web.FilterChainProxy.doFilterInternal(FilterChainProxy.java:233) ~[spring-security-web-6.5.6.jar:6.5.6]
	at org.springframework.security.web.FilterChainProxy.doFilter(FilterChainProxy.java:191) ~[spring-security-web-6.5.6.jar:6.5.6]
	at org.springframework.web.filter.CompositeFilter$VirtualFilterChain.doFilter(CompositeFilter.java:113) ~[spring-web-6.2.12.jar:6.2.12]
	at org.springframework.web.filter.ServletRequestPathFilter.doFilter(ServletRequestPathFilter.java:52) ~[spring-web-6.2.12.jar:6.2.12]
	at org.springframework.web.filter.CompositeFilter$VirtualFilterChain.doFilter(CompositeFilter.java:113) ~[spring-web-6.2.12.jar:6.2.12]
	at org.springframework.web.filter.CompositeFilter.doFilter(CompositeFilter.java:74) ~[spring-web-6.2.12.jar:6.2.12]
	at org.springframework.security.config.annotation.web.configuration.WebSecurityConfiguration$CompositeFilterChainProxy.doFilter(WebSecurityConfiguration.java:319) ~[spring-security-config-6.5.6.jar:6.5.6]
	at org.springframework.web.filter.CompositeFilter$VirtualFilterChain.doFilter(CompositeFilter.java:113) ~[spring-web-6.2.12.jar:6.2.12]
	at org.springframework.web.servlet.handler.HandlerMappingIntrospector.lambda$createCacheFilter$4(HandlerMappingIntrospector.java:267) ~[spring-webmvc-6.2.12.jar:6.2.12]
	at org.springframework.web.filter.CompositeFilter$VirtualFilterChain.doFilter(CompositeFilter.java:113) ~[spring-web-6.2.12.jar:6.2.12]
	at org.springframework.web.filter.CompositeFilter.doFilter(CompositeFilter.java:74) ~[spring-web-6.2.12.jar:6.2.12]
	at org.springframework.security.config.annotation.web.configuration.WebMvcSecurityConfiguration$CompositeFilterChainProxy.doFilter(WebMvcSecurityConfiguration.java:240) ~[spring-security-config-6.5.6.jar:6.5.6]
	at org.springframework.web.filter.DelegatingFilterProxy.invokeDelegate(DelegatingFilterProxy.java:362) ~[spring-web-6.2.12.jar:6.2.12]
	at org.springframework.web.filter.DelegatingFilterProxy.doFilter(DelegatingFilterProxy.java:278) ~[spring-web-6.2.12.jar:6.2.12]
	at org.apache.catalina.core.ApplicationFilterChain.internalDoFilter(ApplicationFilterChain.java:162) ~[tomcat-embed-core-10.1.48.jar:10.1.48]
	at org.apache.catalina.core.ApplicationFilterChain.doFilter(ApplicationFilterChain.java:138) ~[tomcat-embed-core-10.1.48.jar:10.1.48]
	at org.springframework.web.filter.RequestContextFilter.doFilterInternal(RequestContextFilter.java:100) ~[spring-web-6.2.12.jar:6.2.12]
	at org.springframework.web.filter.OncePerRequestFilter.doFilter(OncePerRequestFilter.java:116) ~[spring-web-6.2.12.jar:6.2.12]
	at org.apache.catalina.core.ApplicationFilterChain.internalDoFilter(ApplicationFilterChain.java:162) ~[tomcat-embed-core-10.1.48.jar:10.1.48]
	at org.apache.catalina.core.ApplicationFilterChain.doFilter(ApplicationFilterChain.java:138) ~[tomcat-embed-core-10.1.48.jar:10.1.48]
	at org.springframework.web.filter.FormContentFilter.doFilterInternal(FormContentFilter.java:93) ~[spring-web-6.2.12.jar:6.2.12]
	at org.springframework.web.filter.OncePerRequestFilter.doFilter(OncePerRequestFilter.java:116) ~[spring-web-6.2.12.jar:6.2.12]
	at org.apache.catalina.core.ApplicationFilterChain.internalDoFilter(ApplicationFilterChain.java:162) ~[tomcat-embed-core-10.1.48.jar:10.1.48]
	at org.apache.catalina.core.ApplicationFilterChain.doFilter(ApplicationFilterChain.java:138) ~[tomcat-embed-core-10.1.48.jar:10.1.48]
	at org.springframework.web.filter.CharacterEncodingFilter.doFilterInternal(CharacterEncodingFilter.java:201) ~[spring-web-6.2.12.jar:6.2.12]
	at org.springframework.web.filter.OncePerRequestFilter.doFilter(OncePerRequestFilter.java:116) ~[spring-web-6.2.12.jar:6.2.12]
	at org.apache.catalina.core.ApplicationFilterChain.internalDoFilter(ApplicationFilterChain.java:162) ~[tomcat-embed-core-10.1.48.jar:10.1.48]
	at org.apache.catalina.core.ApplicationFilterChain.doFilter(ApplicationFilterChain.java:138) ~[tomcat-embed-core-10.1.48.jar:10.1.48]
	at org.apache.catalina.core.StandardWrapperValve.invoke(StandardWrapperValve.java:165) ~[tomcat-embed-core-10.1.48.jar:10.1.48]
	at org.apache.catalina.core.StandardContextValve.invoke(StandardContextValve.java:88) ~[tomcat-embed-core-10.1.48.jar:10.1.48]
	at org.apache.catalina.authenticator.AuthenticatorBase.invoke(AuthenticatorBase.java:482) ~[tomcat-embed-core-10.1.48.jar:10.1.48]
	at org.apache.catalina.core.StandardHostValve.invoke(StandardHostValve.java:113) ~[tomcat-embed-core-10.1.48.jar:10.1.48]
	... 12 common frames omitted
Caused by: org.apache.tomcat.util.http.fileupload.impl.FileCountLimitExceededException: attachment
	at org.apache.tomcat.util.http.fileupload.FileUploadBase.parseRequest(FileUploadBase.java:459) ~[tomcat-embed-core-10.1.48.jar:10.1.48]
	at org.apache.catalina.connector.Request.parseParts(Request.java:2675) ~[tomcat-embed-core-10.1.48.jar:10.1.48]
	... 68 common frames omitted
2025-11-07 00:13:48 [http-nio-8080-exec-10] [WARN] o.t.s.p.AbstractStandardFragmentInsertionTagProcessor - [THYMELEAF][http-nio-8080-exec-10][Admin/fixproduct] Deprecated unwrapped fragment expression "Admin/header :: Header" found in template Admin/fixproduct, line 83, col 10. Please use the complete syntax of fragment expressions instead ("~{Admin/header :: Header}"). The old, unwrapped syntax for fragment expressions will be removed in future versions of Thymeleaf.
2025-11-07 00:13:48 [http-nio-8080-exec-10] [WARN] o.t.s.p.AbstractStandardFragmentInsertionTagProcessor - [THYMELEAF][http-nio-8080-exec-10][Admin/fixproduct] Deprecated unwrapped fragment expression "Admin/sidebar :: sideBar" found in template Admin/fixproduct, line 84, col 10. Please use the complete syntax of fragment expressions instead ("~{Admin/sidebar :: sideBar}"). The old, unwrapped syntax for fragment expressions will be removed in future versions of Thymeleaf.
2025-11-07 00:13:48 [http-nio-8080-exec-10] [WARN] o.t.s.p.AbstractStandardFragmentInsertionTagProcessor - [THYMELEAF][http-nio-8080-exec-10][Admin/fixproduct] Deprecated unwrapped fragment expression "Admin/footer :: Footer" found in template Admin/fixproduct, line 215, col 10. Please use the complete syntax of fragment expressions instead ("~{Admin/footer :: Footer}"). The old, unwrapped syntax for fragment expressions will be removed in future versions of Thymeleaf.
2025-11-07 00:13:50 [http-nio-8080-exec-6] [WARN] o.t.s.p.AbstractStandardFragmentInsertionTagProcessor - [THYMELEAF][http-nio-8080-exec-6][Admin/report] Deprecated unwrapped fragment expression "Admin/header :: Header" found in template Admin/report, line 63, col 10. Please use the complete syntax of fragment expressions instead ("~{Admin/header :: Header}"). The old, unwrapped syntax for fragment expressions will be removed in future versions of Thymeleaf.
2025-11-07 00:13:50 [http-nio-8080-exec-6] [WARN] o.t.s.p.AbstractStandardFragmentInsertionTagProcessor - [THYMELEAF][http-nio-8080-exec-6][Admin/report] Deprecated unwrapped fragment expression "Admin/sidebar :: sideBar" found in template Admin/report, line 64, col 10. Please use the complete syntax of fragment expressions instead ("~{Admin/sidebar :: sideBar}"). The old, unwrapped syntax for fragment expressions will be removed in future versions of Thymeleaf.
2025-11-07 00:13:50 [http-nio-8080-exec-6] [WARN] o.t.s.p.AbstractStandardFragmentInsertionTagProcessor - [THYMELEAF][http-nio-8080-exec-6][Admin/report] Deprecated unwrapped fragment expression "Admin/footer :: Footer" found in template Admin/report, line 199, col 10. Please use the complete syntax of fragment expressions instead ("~{Admin/footer :: Footer}"). The old, unwrapped syntax for fragment expressions will be removed in future versions of Thymeleaf.
2025-11-07 00:14:06 [http-nio-8080-exec-9] [WARN] o.t.s.p.AbstractStandardFragmentInsertionTagProcessor - [THYMELEAF][http-nio-8080-exec-9][Admin/fixproduct] Deprecated unwrapped fragment expression "Admin/header :: Header" found in template Admin/fixproduct, line 83, col 10. Please use the complete syntax of fragment expressions instead ("~{Admin/header :: Header}"). The old, unwrapped syntax for fragment expressions will be removed in future versions of Thymeleaf.
2025-11-07 00:14:06 [http-nio-8080-exec-9] [WARN] o.t.s.p.AbstractStandardFragmentInsertionTagProcessor - [THYMELEAF][http-nio-8080-exec-9][Admin/fixproduct] Deprecated unwrapped fragment expression "Admin/sidebar :: sideBar" found in template Admin/fixproduct, line 84, col 10. Please use the complete syntax of fragment expressions instead ("~{Admin/sidebar :: sideBar}"). The old, unwrapped syntax for fragment expressions will be removed in future versions of Thymeleaf.
2025-11-07 00:14:06 [http-nio-8080-exec-9] [WARN] o.t.s.p.AbstractStandardFragmentInsertionTagProcessor - [THYMELEAF][http-nio-8080-exec-9][Admin/fixproduct] Deprecated unwrapped fragment expression "Admin/footer :: Footer" found in template Admin/fixproduct, line 215, col 10. Please use the complete syntax of fragment expressions instead ("~{Admin/footer :: Footer}"). The old, unwrapped syntax for fragment expressions will be removed in future versions of Thymeleaf.
2025-11-07 00:14:09 [http-nio-8080-exec-6] [WARN] o.t.s.p.AbstractStandardFragmentInsertionTagProcessor - [THYMELEAF][http-nio-8080-exec-6][Admin/inventory] Deprecated unwrapped fragment expression "Admin/header :: Header" found in template Admin/inventory, line 62, col 10. Please use the complete syntax of fragment expressions instead ("~{Admin/header :: Header}"). The old, unwrapped syntax for fragment expressions will be removed in future versions of Thymeleaf.
2025-11-07 00:14:09 [http-nio-8080-exec-6] [WARN] o.t.s.p.AbstractStandardFragmentInsertionTagProcessor - [THYMELEAF][http-nio-8080-exec-6][Admin/inventory] Deprecated unwrapped fragment expression "Admin/sidebar :: sideBar" found in template Admin/inventory, line 63, col 10. Please use the complete syntax of fragment expressions instead ("~{Admin/sidebar :: sideBar}"). The old, unwrapped syntax for fragment expressions will be removed in future versions of Thymeleaf.
2025-11-07 00:14:09 [http-nio-8080-exec-6] [WARN] o.t.s.p.AbstractStandardFragmentInsertionTagProcessor - [THYMELEAF][http-nio-8080-exec-6][Admin/inventory] Deprecated unwrapped fragment expression "Admin/footer :: Footer" found in template Admin/inventory, line 184, col 10. Please use the complete syntax of fragment expressions instead ("~{Admin/footer :: Footer}"). The old, unwrapped syntax for fragment expressions will be removed in future versions of Thymeleaf.
2025-11-07 00:14:39 [http-nio-8080-exec-1] [WARN] o.t.s.p.AbstractStandardFragmentInsertionTagProcessor - [THYMELEAF][http-nio-8080-exec-1][Admin/inventory] Deprecated unwrapped fragment expression "Admin/header :: Header" found in template Admin/inventory, line 62, col 10. Please use the complete syntax of fragment expressions instead ("~{Admin/header :: Header}"). The old, unwrapped syntax for fragment expressions will be removed in future versions of Thymeleaf.
2025-11-07 00:14:39 [http-nio-8080-exec-1] [WARN] o.t.s.p.AbstractStandardFragmentInsertionTagProcessor - [THYMELEAF][http-nio-8080-exec-1][Admin/inventory] Deprecated unwrapped fragment expression "Admin/sidebar :: sideBar" found in template Admin/inventory, line 63, col 10. Please use the complete syntax of fragment expressions instead ("~{Admin/sidebar :: sideBar}"). The old, unwrapped syntax for fragment expressions will be removed in future versions of Thymeleaf.
2025-11-07 00:14:39 [http-nio-8080-exec-1] [WARN] o.t.s.p.AbstractStandardFragmentInsertionTagProcessor - [THYMELEAF][http-nio-8080-exec-1][Admin/inventory] Deprecated unwrapped fragment expression "Admin/footer :: Footer" found in template Admin/inventory, line 184, col 10. Please use the complete syntax of fragment expressions instead ("~{Admin/footer :: Footer}"). The old, unwrapped syntax for fragment expressions will be removed in future versions of Thymeleaf.
2025-11-07 00:14:43 [http-nio-8080-exec-5] [WARN] o.t.s.p.AbstractStandardFragmentInsertionTagProcessor - [THYMELEAF][http-nio-8080-exec-5][Admin/addproduct] Deprecated unwrapped fragment expression "Admin/header :: Header" found in template Admin/addproduct, line 11, col 10. Please use the complete syntax of fragment expressions instead ("~{Admin/header :: Header}"). The old, unwrapped syntax for fragment expressions will be removed in future versions of Thymeleaf.
2025-11-07 00:14:43 [http-nio-8080-exec-5] [WARN] o.t.s.p.AbstractStandardFragmentInsertionTagProcessor - [THYMELEAF][http-nio-8080-exec-5][Admin/addproduct] Deprecated unwrapped fragment expression "Admin/sidebar :: sideBar" found in template Admin/addproduct, line 12, col 10. Please use the complete syntax of fragment expressions instead ("~{Admin/sidebar :: sideBar}"). The old, unwrapped syntax for fragment expressions will be removed in future versions of Thymeleaf.
2025-11-07 00:14:43 [http-nio-8080-exec-5] [WARN] o.t.s.p.AbstractStandardFragmentInsertionTagProcessor - [THYMELEAF][http-nio-8080-exec-5][Admin/addproduct] Deprecated unwrapped fragment expression "Admin/footer :: Footer" found in template Admin/addproduct, line 383, col 10. Please use the complete syntax of fragment expressions instead ("~{Admin/footer :: Footer}"). The old, unwrapped syntax for fragment expressions will be removed in future versions of Thymeleaf.
2025-11-07 00:14:45 [http-nio-8080-exec-4] [WARN] o.t.s.p.AbstractStandardFragmentInsertionTagProcessor - [THYMELEAF][http-nio-8080-exec-4][Admin/export] Deprecated unwrapped fragment expression "Admin/header :: Header" found in template Admin/export, line 54, col 10. Please use the complete syntax of fragment expressions instead ("~{Admin/header :: Header}"). The old, unwrapped syntax for fragment expressions will be removed in future versions of Thymeleaf.
2025-11-07 00:14:45 [http-nio-8080-exec-4] [WARN] o.t.s.p.AbstractStandardFragmentInsertionTagProcessor - [THYMELEAF][http-nio-8080-exec-4][Admin/export] Deprecated unwrapped fragment expression "Admin/sidebar :: sideBar" found in template Admin/export, line 55, col 10. Please use the complete syntax of fragment expressions instead ("~{Admin/sidebar :: sideBar}"). The old, unwrapped syntax for fragment expressions will be removed in future versions of Thymeleaf.
2025-11-07 00:14:45 [http-nio-8080-exec-4] [WARN] o.t.s.p.AbstractStandardFragmentInsertionTagProcessor - [THYMELEAF][http-nio-8080-exec-4][Admin/export] Deprecated unwrapped fragment expression "Admin/footer :: Footer" found in template Admin/export, line 158, col 10. Please use the complete syntax of fragment expressions instead ("~{Admin/footer :: Footer}"). The old, unwrapped syntax for fragment expressions will be removed in future versions of Thymeleaf.
2025-11-07 00:14:46 [http-nio-8080-exec-9] [WARN] o.t.s.p.AbstractStandardFragmentInsertionTagProcessor - [THYMELEAF][http-nio-8080-exec-9][Admin/tonkho] Deprecated unwrapped fragment expression "Admin/header :: Header" found in template Admin/tonkho, line 62, col 10. Please use the complete syntax of fragment expressions instead ("~{Admin/header :: Header}"). The old, unwrapped syntax for fragment expressions will be removed in future versions of Thymeleaf.
2025-11-07 00:14:46 [http-nio-8080-exec-9] [WARN] o.t.s.p.AbstractStandardFragmentInsertionTagProcessor - [THYMELEAF][http-nio-8080-exec-9][Admin/tonkho] Deprecated unwrapped fragment expression "Admin/sidebar :: sideBar" found in template Admin/tonkho, line 63, col 10. Please use the complete syntax of fragment expressions instead ("~{Admin/sidebar :: sideBar}"). The old, unwrapped syntax for fragment expressions will be removed in future versions of Thymeleaf.
2025-11-07 00:14:46 [http-nio-8080-exec-9] [WARN] o.t.s.p.AbstractStandardFragmentInsertionTagProcessor - [THYMELEAF][http-nio-8080-exec-9][Admin/tonkho] Deprecated unwrapped fragment expression "Admin/footer :: Footer" found in template Admin/tonkho, line 127, col 10. Please use the complete syntax of fragment expressions instead ("~{Admin/footer :: Footer}"). The old, unwrapped syntax for fragment expressions will be removed in future versions of Thymeleaf.
2025-11-07 00:15:04 [http-nio-8080-exec-3] [WARN] o.t.s.p.AbstractStandardFragmentInsertionTagProcessor - [THYMELEAF][http-nio-8080-exec-3][Admin/tonkho] Deprecated unwrapped fragment expression "Admin/header :: Header" found in template Admin/tonkho, line 62, col 10. Please use the complete syntax of fragment expressions instead ("~{Admin/header :: Header}"). The old, unwrapped syntax for fragment expressions will be removed in future versions of Thymeleaf.
2025-11-07 00:15:04 [http-nio-8080-exec-3] [WARN] o.t.s.p.AbstractStandardFragmentInsertionTagProcessor - [THYMELEAF][http-nio-8080-exec-3][Admin/tonkho] Deprecated unwrapped fragment expression "Admin/sidebar :: sideBar" found in template Admin/tonkho, line 63, col 10. Please use the complete syntax of fragment expressions instead ("~{Admin/sidebar :: sideBar}"). The old, unwrapped syntax for fragment expressions will be removed in future versions of Thymeleaf.
2025-11-07 00:15:04 [http-nio-8080-exec-3] [WARN] o.t.s.p.AbstractStandardFragmentInsertionTagProcessor - [THYMELEAF][http-nio-8080-exec-3][Admin/tonkho] Deprecated unwrapped fragment expression "Admin/footer :: Footer" found in template Admin/tonkho, line 127, col 10. Please use the complete syntax of fragment expressions instead ("~{Admin/footer :: Footer}"). The old, unwrapped syntax for fragment expressions will be removed in future versions of Thymeleaf.
2025-11-07 00:15:05 [http-nio-8080-exec-6] [WARN] o.t.s.p.AbstractStandardFragmentInsertionTagProcessor - [THYMELEAF][http-nio-8080-exec-6][Admin/home] Deprecated unwrapped fragment expression "Admin/header::Header" found in template Admin/home, line 89, col 8. Please use the complete syntax of fragment expressions instead ("~{Admin/header::Header}"). The old, unwrapped syntax for fragment expressions will be removed in future versions of Thymeleaf.
2025-11-07 00:15:05 [http-nio-8080-exec-6] [WARN] o.t.s.p.AbstractStandardFragmentInsertionTagProcessor - [THYMELEAF][http-nio-8080-exec-6][Admin/home] Deprecated unwrapped fragment expression "Admin/sidebar::sideBar" found in template Admin/home, line 90, col 8. Please use the complete syntax of fragment expressions instead ("~{Admin/sidebar::sideBar}"). The old, unwrapped syntax for fragment expressions will be removed in future versions of Thymeleaf.
2025-11-07 00:15:05 [http-nio-8080-exec-6] [WARN] o.t.s.p.AbstractStandardFragmentInsertionTagProcessor - [THYMELEAF][http-nio-8080-exec-6][Admin/home] Deprecated unwrapped fragment expression "Admin/footer::Footer" found in template Admin/home, line 133, col 10. Please use the complete syntax of fragment expressions instead ("~{Admin/footer::Footer}"). The old, unwrapped syntax for fragment expressions will be removed in future versions of Thymeleaf.
2025-11-07 00:16:52 [File Watcher] [INFO] o.s.b.d.a.LocalDevToolsAutoConfiguration$RestartingClassPathChangeChangedEventListener - Restarting due to 1 class path change (1 addition, 0 deletions, 0 modifications)
2025-11-07 00:16:52 [Thread-23] [INFO] o.s.b.w.e.tomcat.GracefulShutdown - Commencing graceful shutdown. Waiting for active requests to complete
2025-11-07 00:16:52 [tomcat-shutdown] [INFO] o.s.b.w.e.tomcat.GracefulShutdown - Graceful shutdown complete
2025-11-07 00:16:52 [Thread-23] [INFO] o.s.o.j.LocalContainerEntityManagerFactoryBean - Closing JPA EntityManagerFactory for persistence unit 'default'
2025-11-07 00:16:52 [Thread-23] [INFO] com.zaxxer.hikari.HikariDataSource - HikariPool-7 - Shutdown initiated...
2025-11-07 00:16:52 [Thread-23] [INFO] com.zaxxer.hikari.HikariDataSource - HikariPool-7 - Shutdown completed.
2025-11-07 00:16:52 [restartedMain] [INFO] com.example.demo.DemoApplication - Starting DemoApplication using Java 22.0.2 with PID 25780 (C:\VsCode\.vscode\java\demo\target\classes started by ASUS in C:\VsCode\.vscode\java\demo)
2025-11-07 00:16:52 [restartedMain] [DEBUG] com.example.demo.DemoApplication - Running with Spring Boot v3.5.7, Spring v6.2.12
2025-11-07 00:16:52 [restartedMain] [INFO] com.example.demo.DemoApplication - No active profile set, falling back to 1 default profile: "default"
2025-11-07 00:16:53 [restartedMain] [INFO] o.s.d.r.c.RepositoryConfigurationDelegate - Bootstrapping Spring Data JPA repositories in DEFAULT mode.
2025-11-07 00:16:53 [restartedMain] [INFO] o.s.d.r.c.RepositoryConfigurationDelegate - Finished Spring Data repository scanning in 49 ms. Found 10 JPA repository interfaces.
2025-11-07 00:16:53 [restartedMain] [INFO] o.s.b.w.e.tomcat.TomcatWebServer - Tomcat initialized with port 8080 (http)
2025-11-07 00:16:53 [restartedMain] [INFO] o.a.catalina.core.StandardService - Starting service [Tomcat]
2025-11-07 00:16:53 [restartedMain] [INFO] o.a.catalina.core.StandardEngine - Starting Servlet engine: [Apache Tomcat/10.1.48]
2025-11-07 00:16:53 [restartedMain] [INFO] o.a.c.c.C.[Tomcat-1].[localhost].[/] - Initializing Spring embedded WebApplicationContext
2025-11-07 00:16:53 [restartedMain] [INFO] o.s.b.w.s.c.ServletWebServerApplicationContext - Root WebApplicationContext: initialization completed in 526 ms
2025-11-07 00:16:53 [restartedMain] [INFO] o.h.jpa.internal.util.LogHelper - HHH000204: Processing PersistenceUnitInfo [name: default]
2025-11-07 00:16:53 [restartedMain] [INFO] o.h.c.i.RegionFactoryInitiator - HHH000026: Second-level cache disabled
2025-11-07 00:16:53 [restartedMain] [INFO] o.s.o.j.p.SpringPersistenceUnitInfo - No LoadTimeWeaver setup: ignoring JPA class transformer
2025-11-07 00:16:53 [restartedMain] [INFO] com.zaxxer.hikari.HikariDataSource - HikariPool-8 - Starting...
2025-11-07 00:16:53 [restartedMain] [INFO] com.zaxxer.hikari.pool.HikariPool - HikariPool-8 - Added connection com.mysql.cj.jdbc.ConnectionImpl@55765a07
2025-11-07 00:16:53 [restartedMain] [INFO] com.zaxxer.hikari.HikariDataSource - HikariPool-8 - Start completed.
2025-11-07 00:16:53 [restartedMain] [WARN] org.hibernate.dialect.Dialect - HHH000511: The 5.5.5 version for [org.hibernate.dialect.MySQLDialect] is no longer supported, hence certain features may not work properly. The minimum supported version is 8.0.0. Check the community dialects project for available legacy versions.
2025-11-07 00:16:53 [restartedMain] [INFO] o.hibernate.orm.connections.pooling - HHH10001005: Database info:
	Database JDBC URL [Connecting through datasource 'HikariDataSource (HikariPool-8)']
	Database driver: undefined/unknown
	Database version: 5.5.5
	Autocommit mode: undefined/unknown
	Isolation level: undefined/unknown
	Minimum pool size: undefined/unknown
	Maximum pool size: undefined/unknown
2025-11-07 00:16:53 [restartedMain] [INFO] o.h.e.t.j.p.i.JtaPlatformInitiator - HHH000489: No JTA platform available (set 'hibernate.transaction.jta.platform' to enable JTA platform integration)
2025-11-07 00:16:54 [restartedMain] [INFO] o.s.o.j.LocalContainerEntityManagerFactoryBean - Initialized JPA EntityManagerFactory for persistence unit 'default'
2025-11-07 00:16:54 [restartedMain] [WARN] o.s.b.a.o.j.JpaBaseConfiguration$JpaWebConfiguration - spring.jpa.open-in-view is enabled by default. Therefore, database queries may be performed during view rendering. Explicitly configure spring.jpa.open-in-view to disable this warning
2025-11-07 00:16:54 [restartedMain] [INFO] o.s.s.c.a.a.c.InitializeUserDetailsBeanManagerConfigurer$InitializeUserDetailsManagerConfigurer - Global AuthenticationManager configured with UserDetailsService bean with name userDetailsService
2025-11-07 00:16:54 [restartedMain] [INFO] o.s.b.d.a.OptionalLiveReloadServer - LiveReload server is running on port 35729
2025-11-07 00:16:54 [restartedMain] [INFO] o.s.b.w.e.tomcat.TomcatWebServer - Tomcat started on port 8080 (http) with context path '/'
2025-11-07 00:16:54 [restartedMain] [INFO] com.example.demo.DemoApplication - Started DemoApplication in 1.932 seconds (process running for 8006.278)
2025-11-07 00:16:54 [restartedMain] [INFO] o.s.b.d.a.ConditionEvaluationDeltaLoggingListener - Condition evaluation unchanged
2025-11-07 00:16:57 [File Watcher] [INFO] o.s.b.d.a.LocalDevToolsAutoConfiguration$RestartingClassPathChangeChangedEventListener - Restarting due to 2 class path changes (0 additions, 0 deletions, 2 modifications)
2025-11-07 00:16:57 [Thread-30] [INFO] o.s.b.w.e.tomcat.GracefulShutdown - Commencing graceful shutdown. Waiting for active requests to complete
2025-11-07 00:16:57 [tomcat-shutdown] [INFO] o.s.b.w.e.tomcat.GracefulShutdown - Graceful shutdown complete
2025-11-07 00:16:57 [Thread-30] [INFO] o.s.o.j.LocalContainerEntityManagerFactoryBean - Closing JPA EntityManagerFactory for persistence unit 'default'
2025-11-07 00:16:57 [Thread-30] [INFO] com.zaxxer.hikari.HikariDataSource - HikariPool-8 - Shutdown initiated...
2025-11-07 00:16:57 [Thread-30] [INFO] com.zaxxer.hikari.HikariDataSource - HikariPool-8 - Shutdown completed.
2025-11-07 00:16:57 [restartedMain] [INFO] com.example.demo.DemoApplication - Starting DemoApplication using Java 22.0.2 with PID 25780 (C:\VsCode\.vscode\java\demo\target\classes started by ASUS in C:\VsCode\.vscode\java\demo)
2025-11-07 00:16:57 [restartedMain] [DEBUG] com.example.demo.DemoApplication - Running with Spring Boot v3.5.7, Spring v6.2.12
2025-11-07 00:16:57 [restartedMain] [INFO] com.example.demo.DemoApplication - No active profile set, falling back to 1 default profile: "default"
2025-11-07 00:16:57 [restartedMain] [INFO] o.s.d.r.c.RepositoryConfigurationDelegate - Bootstrapping Spring Data JPA repositories in DEFAULT mode.
2025-11-07 00:16:57 [restartedMain] [INFO] o.s.d.r.c.RepositoryConfigurationDelegate - Finished Spring Data repository scanning in 59 ms. Found 10 JPA repository interfaces.
2025-11-07 00:16:58 [restartedMain] [WARN] o.s.b.w.s.c.AnnotationConfigServletWebServerApplicationContext - Exception encountered during context initialization - cancelling refresh attempt: org.springframework.context.ApplicationContextException: Unable to start web server
2025-11-07 00:16:58 [restartedMain] [INFO] o.s.b.a.l.ConditionEvaluationReportLogger - 

Error starting ApplicationContext. To display the condition evaluation report re-run your application with 'debug' enabled.
2025-11-07 00:16:58 [restartedMain] [ERROR] o.s.b.d.LoggingFailureAnalysisReporter - 

***************************
APPLICATION FAILED TO START
***************************

Description:

Binding to target [Bindable@8e36f19 type = org.springframework.boot.autoconfigure.web.servlet.MultipartProperties, value = 'provided', annotations = array<Annotation>[@org.springframework.boot.context.properties.ConfigurationProperties(ignoreInvalidFields=false, ignoreUnknownFields=false, prefix="spring.servlet.multipart", value="spring.servlet.multipart")], bindMethod = JAVA_BEAN] failed:

    Property: spring.servlet.multipart.max-parts
    Value: "2000"
    Origin: class path resource [application.properties] - 17:36
    Reason: The elements [spring.servlet.multipart.max-parts] were left unbound.

Action:

Update your application's configuration

2025-11-07 08:39:36 [restartedMain] [INFO] com.example.demo.DemoApplication - Starting DemoApplication using Java 22.0.2 with PID 13752 (C:\VsCode\.vscode\java\demo\target\classes started by ASUS in C:\VsCode\.vscode\java\demo)
2025-11-07 08:39:36 [restartedMain] [DEBUG] com.example.demo.DemoApplication - Running with Spring Boot v3.5.7, Spring v6.2.12
2025-11-07 08:39:36 [restartedMain] [INFO] com.example.demo.DemoApplication - No active profile set, falling back to 1 default profile: "default"
2025-11-07 08:39:37 [restartedMain] [INFO] o.s.b.d.e.DevToolsPropertyDefaultsPostProcessor - Devtools property defaults active! Set 'spring.devtools.add-properties' to 'false' to disable
2025-11-07 08:39:37 [restartedMain] [INFO] o.s.b.d.e.DevToolsPropertyDefaultsPostProcessor - For additional web related logging consider setting the 'logging.level.web' property to 'DEBUG'
2025-11-07 08:39:38 [restartedMain] [INFO] o.s.d.r.c.RepositoryConfigurationDelegate - Bootstrapping Spring Data JPA repositories in DEFAULT mode.
2025-11-07 08:39:38 [restartedMain] [INFO] o.s.d.r.c.RepositoryConfigurationDelegate - Finished Spring Data repository scanning in 134 ms. Found 10 JPA repository interfaces.
2025-11-07 08:39:39 [restartedMain] [WARN] o.s.b.w.s.c.AnnotationConfigServletWebServerApplicationContext - Exception encountered during context initialization - cancelling refresh attempt: org.springframework.context.ApplicationContextException: Unable to start web server
2025-11-07 08:39:39 [restartedMain] [INFO] o.s.b.a.l.ConditionEvaluationReportLogger - 

Error starting ApplicationContext. To display the condition evaluation report re-run your application with 'debug' enabled.
2025-11-07 08:39:39 [restartedMain] [ERROR] o.s.b.d.LoggingFailureAnalysisReporter - 

***************************
APPLICATION FAILED TO START
***************************

Description:

Binding to target [Bindable@797ea1e8 type = org.springframework.boot.autoconfigure.web.servlet.MultipartProperties, value = 'provided', annotations = array<Annotation>[@org.springframework.boot.context.properties.ConfigurationProperties(ignoreInvalidFields=false, ignoreUnknownFields=false, prefix="spring.servlet.multipart", value="spring.servlet.multipart")], bindMethod = JAVA_BEAN] failed:

    Property: spring.servlet.multipart.max-parts
    Value: "2000"
    Origin: class path resource [application.properties] - 17:36
    Reason: The elements [spring.servlet.multipart.max-parts] were left unbound.

Action:

Update your application's configuration

2025-11-07 08:55:48 [restartedMain] [INFO] com.example.demo.DemoApplication - Starting DemoApplication using Java 22.0.2 with PID 21988 (C:\VsCode\.vscode\java\demo\target\classes started by ASUS in C:\VsCode\.vscode\java\demo)
2025-11-07 08:55:48 [restartedMain] [DEBUG] com.example.demo.DemoApplication - Running with Spring Boot v3.5.7, Spring v6.2.12
2025-11-07 08:55:48 [restartedMain] [INFO] com.example.demo.DemoApplication - No active profile set, falling back to 1 default profile: "default"
2025-11-07 08:55:48 [restartedMain] [INFO] o.s.b.d.e.DevToolsPropertyDefaultsPostProcessor - Devtools property defaults active! Set 'spring.devtools.add-properties' to 'false' to disable
2025-11-07 08:55:48 [restartedMain] [INFO] o.s.b.d.e.DevToolsPropertyDefaultsPostProcessor - For additional web related logging consider setting the 'logging.level.web' property to 'DEBUG'
2025-11-07 08:55:50 [restartedMain] [INFO] o.s.d.r.c.RepositoryConfigurationDelegate - Bootstrapping Spring Data JPA repositories in DEFAULT mode.
2025-11-07 08:55:50 [restartedMain] [INFO] o.s.d.r.c.RepositoryConfigurationDelegate - Finished Spring Data repository scanning in 192 ms. Found 10 JPA repository interfaces.
2025-11-07 08:55:52 [restartedMain] [WARN] o.s.b.w.s.c.AnnotationConfigServletWebServerApplicationContext - Exception encountered during context initialization - cancelling refresh attempt: org.springframework.context.ApplicationContextException: Unable to start web server
2025-11-07 08:55:52 [restartedMain] [INFO] o.s.b.a.l.ConditionEvaluationReportLogger - 

Error starting ApplicationContext. To display the condition evaluation report re-run your application with 'debug' enabled.
2025-11-07 08:55:52 [restartedMain] [ERROR] o.s.b.d.LoggingFailureAnalysisReporter - 

***************************
APPLICATION FAILED TO START
***************************

Description:

Binding to target [Bindable@5a4f8a9f type = org.springframework.boot.autoconfigure.web.servlet.MultipartProperties, value = 'provided', annotations = array<Annotation>[@org.springframework.boot.context.properties.ConfigurationProperties(ignoreInvalidFields=false, ignoreUnknownFields=false, prefix="spring.servlet.multipart", value="spring.servlet.multipart")], bindMethod = JAVA_BEAN] failed:

    Property: spring.servlet.multipart.max-parts
    Value: "2000"
    Origin: class path resource [application.properties] - 17:36
    Reason: The elements [spring.servlet.multipart.max-parts] were left unbound.

Action:

Update your application's configuration

2025-11-07 09:06:57 [restartedMain] [INFO] com.example.demo.DemoApplication - Starting DemoApplication using Java 22.0.2 with PID 20316 (C:\VsCode\.vscode\java\demo\target\classes started by ASUS in C:\VsCode\.vscode\java\demo)
2025-11-07 09:06:57 [restartedMain] [DEBUG] com.example.demo.DemoApplication - Running with Spring Boot v3.5.7, Spring v6.2.12
2025-11-07 09:06:57 [restartedMain] [INFO] com.example.demo.DemoApplication - No active profile set, falling back to 1 default profile: "default"
2025-11-07 09:06:58 [restartedMain] [INFO] o.s.b.d.e.DevToolsPropertyDefaultsPostProcessor - Devtools property defaults active! Set 'spring.devtools.add-properties' to 'false' to disable
2025-11-07 09:06:58 [restartedMain] [INFO] o.s.b.d.e.DevToolsPropertyDefaultsPostProcessor - For additional web related logging consider setting the 'logging.level.web' property to 'DEBUG'
2025-11-07 09:06:59 [restartedMain] [INFO] o.s.d.r.c.RepositoryConfigurationDelegate - Bootstrapping Spring Data JPA repositories in DEFAULT mode.
2025-11-07 09:06:59 [restartedMain] [INFO] o.s.d.r.c.RepositoryConfigurationDelegate - Finished Spring Data repository scanning in 154 ms. Found 10 JPA repository interfaces.
2025-11-07 09:07:01 [restartedMain] [WARN] o.s.b.w.s.c.AnnotationConfigServletWebServerApplicationContext - Exception encountered during context initialization - cancelling refresh attempt: org.springframework.context.ApplicationContextException: Unable to start web server
2025-11-07 09:07:01 [restartedMain] [INFO] o.s.b.a.l.ConditionEvaluationReportLogger - 

Error starting ApplicationContext. To display the condition evaluation report re-run your application with 'debug' enabled.
2025-11-07 09:07:01 [restartedMain] [ERROR] o.s.b.d.LoggingFailureAnalysisReporter - 

***************************
APPLICATION FAILED TO START
***************************

Description:

Binding to target [Bindable@2fa6fa0e type = org.springframework.boot.autoconfigure.web.servlet.MultipartProperties, value = 'provided', annotations = array<Annotation>[@org.springframework.boot.context.properties.ConfigurationProperties(ignoreInvalidFields=false, ignoreUnknownFields=false, prefix="spring.servlet.multipart", value="spring.servlet.multipart")], bindMethod = JAVA_BEAN] failed:

    Property: spring.servlet.multipart.max-parts
    Value: "200"
    Origin: class path resource [application.properties] - 17:36
    Reason: The elements [spring.servlet.multipart.max-parts] were left unbound.

Action:

Update your application's configuration

